match_id,city,date,match_type,player_of_match,batsmen_id,bowlers_id,venue,team1,team2,toss_winner,toss_decision,winner,result,result_margin,target_runs,target_overs,super_over,method,umpire1,umpire2
335982,Bangalore,18-04-2008,Match 1,BB McCullum,115,NULL,M Chinnaswamy Stadium,Royal Challengers Bangalore,Kolkata Knight Riders,Royal Challengers Bangalore,field,Kolkata Knight Riders,runs,140,223,20,N,NA,Asad Rauf,RE Koertzen
335983,Chandigarh,19-04-2008,Match 2,MEK Hussey,351,NULL,"Punjab Cricket Association Stadium, Mohali",Kings XI Punjab,Chennai Super Kings,Chennai Super Kings,bat,Chennai Super Kings,runs,33,241,20,N,NA,MR Benson,SL Shastri
335984,Delhi,19-04-2008,Match 3,MF Maharoof,348,NULL,Feroz Shah Kotla,Delhi Daredevils,Rajasthan Royals,Rajasthan Royals,bat,Delhi Daredevils,wickets,9,130,20,N,NA,Aleem Dar,GA Pratapkumar
335985,Mumbai,20-04-2008,Match 4,MV Boucher,338,NULL,Wankhede Stadium,Mumbai Indians,Royal Challengers Bangalore,Mumbai Indians,bat,Royal Challengers Bangalore,wickets,5,166,20,N,NA,SJ Davis,DJ Harper
335986,Kolkata,20-04-2008,Match 5,DJ Hussey,152,NULL,Eden Gardens,Kolkata Knight Riders,Deccan Chargers,Deccan Chargers,bat,Kolkata Knight Riders,wickets,5,111,20,N,NA,BF Bowden,K Hariharan
335987,Jaipur,21-04-2008,Match 6,SR Watson,529,NULL,Sawai Mansingh Stadium,Rajasthan Royals,Kings XI Punjab,Kings XI Punjab,bat,Rajasthan Royals,wickets,6,167,20,N,NA,Aleem Dar,RB Tiffin
335988,Hyderabad,22-04-2008,Match 7,V Sehwag,637,NULL,"Rajiv Gandhi International Stadium, Uppal",Deccan Chargers,Delhi Daredevils,Deccan Chargers,bat,Delhi Daredevils,wickets,9,143,20,N,NA,IL Howell,AM Saheba
335989,Chennai,23-04-2008,Match 8,ML Hayden,343,NULL,"MA Chidambaram Stadium, Chepauk",Chennai Super Kings,Mumbai Indians,Mumbai Indians,field,Chennai Super Kings,runs,6,209,20,N,NA,DJ Harper,GA Pratapkumar
335990,Hyderabad,24-04-2008,Match 9,YK Pathan,658,NULL,"Rajiv Gandhi International Stadium, Uppal",Deccan Chargers,Rajasthan Royals,Rajasthan Royals,field,Rajasthan Royals,wickets,3,215,20,N,NA,Asad Rauf,MR Benson
335991,Chandigarh,25-04-2008,Match 10,KC Sangakkara,301,NULL,"Punjab Cricket Association Stadium, Mohali",Kings XI Punjab,Mumbai Indians,Mumbai Indians,field,Kings XI Punjab,runs,66,183,20,N,NA,Aleem Dar,AM Saheba
335992,Bangalore,26-04-2008,Match 11,SR Watson,529,NULL,M Chinnaswamy Stadium,Royal Challengers Bangalore,Rajasthan Royals,Rajasthan Royals,field,Rajasthan Royals,wickets,7,136,20,N,NA,MR Benson,IL Howell
335993,Chennai,26-04-2008,Match 12,JDP Oram,232,NULL,"MA Chidambaram Stadium, Chepauk",Chennai Super Kings,Kolkata Knight Riders,Kolkata Knight Riders,bat,Chennai Super Kings,wickets,9,148,20,N,NA,BF Bowden,AV Jayaprakash
335994,Mumbai,27-04-2008,Match 13,AC Gilchrist,17,NULL,Dr DY Patil Sports Academy,Mumbai Indians,Deccan Chargers,Deccan Chargers,field,Deccan Chargers,wickets,10,155,20,N,NA,Asad Rauf,SL Shastri
335995,Chandigarh,27-04-2008,Match 14,SM Katich,563,NULL,"Punjab Cricket Association Stadium, Mohali",Kings XI Punjab,Delhi Daredevils,Delhi Daredevils,bat,Kings XI Punjab,wickets,4,159,20,N,NA,RE Koertzen,I Shivram
335996,Bangalore,28-04-2008,Match 15,MS Dhoni,375,NULL,M Chinnaswamy Stadium,Royal Challengers Bangalore,Chennai Super Kings,Chennai Super Kings,bat,Chennai Super Kings,runs,13,179,20,N,NA,BR Doctrove,RB Tiffin
335997,Kolkata,29-04-2008,Match 16,ST Jayasuriya,NULL,336,Eden Gardens,Kolkata Knight Riders,Mumbai Indians,Kolkata Knight Riders,bat,Mumbai Indians,wickets,7,138,20,N,NA,BF Bowden,AV Jayaprakash
335998,Delhi,30-04-2008,Match 17,GD McGrath,NULL,125,Feroz Shah Kotla,Delhi Daredevils,Royal Challengers Bangalore,Royal Challengers Bangalore,field,Delhi Daredevils,runs,10,192,20,N,NA,Aleem Dar,I Shivram
335999,Hyderabad,01-05-2008,Match 18,SE Marsh,533,NULL,"Rajiv Gandhi International Stadium, Uppal",Deccan Chargers,Kings XI Punjab,Kings XI Punjab,field,Kings XI Punjab,wickets,7,165,20,N,NA,BR Doctrove,RB Tiffin
336000,Jaipur,01-05-2008,Match 19,SA Asnodkar,587,NULL,Sawai Mansingh Stadium,Rajasthan Royals,Kolkata Knight Riders,Rajasthan Royals,bat,Rajasthan Royals,runs,45,197,20,N,NA,RE Koertzen,GA Pratapkumar
336001,Chennai,02-05-2008,Match 20,V Sehwag,637,NULL,"MA Chidambaram Stadium, Chepauk",Chennai Super Kings,Delhi Daredevils,Chennai Super Kings,bat,Delhi Daredevils,wickets,8,170,20,N,NA,BF Bowden,K Hariharan
336002,Hyderabad,25-05-2008,Match 21,R Vinay Kumar,NULL,429,"Rajiv Gandhi International Stadium, Uppal",Deccan Chargers,Royal Challengers Bangalore,Deccan Chargers,bat,Royal Challengers Bangalore,wickets,5,166,20,N,NA,Asad Rauf,RE Koertzen
336003,Chandigarh,03-05-2008,Match 22,IK Pathan,225,NULL,"Punjab Cricket Association Stadium, Mohali",Kings XI Punjab,Kolkata Knight Riders,Kings XI Punjab,bat,Kings XI Punjab,runs,9,179,20,N,NA,DJ Harper,I Shivram
336004,Mumbai,04-05-2008,Match 23,SM Pollock,NULL,359,Dr DY Patil Sports Academy,Mumbai Indians,Delhi Daredevils,Delhi Daredevils,field,Mumbai Indians,runs,29,163,20,N,NA,IL Howell,RE Koertzen
336005,Jaipur,04-05-2008,Match 24,Sohail Tanvir,NULL,380,Sawai Mansingh Stadium,Rajasthan Royals,Chennai Super Kings,Chennai Super Kings,bat,Rajasthan Royals,wickets,8,110,20,N,NA,Asad Rauf,AV Jayaprakash
336006,Bangalore,05-05-2008,Match 25,S Sreesanth,NULL,356,M Chinnaswamy Stadium,Royal Challengers Bangalore,Kings XI Punjab,Kings XI Punjab,field,Kings XI Punjab,wickets,6,127,20,N,NA,SJ Davis,BR Doctrove
336007,Chennai,06-05-2008,Match 26,AC Gilchrist,17,NULL,"MA Chidambaram Stadium, Chepauk",Chennai Super Kings,Deccan Chargers,Deccan Chargers,field,Deccan Chargers,wickets,7,145,20,N,NA,MR Benson,RB Tiffin
336008,Mumbai,07-05-2008,Match 27,A Nehra,NULL,47,Dr DY Patil Sports Academy,Mumbai Indians,Rajasthan Royals,Mumbai Indians,field,Mumbai Indians,wickets,7,104,20,N,NA,DJ Harper,RE Koertzen
336009,Delhi,08-05-2008,Match 28,MS Dhoni,375,NULL,Feroz Shah Kotla,Delhi Daredevils,Chennai Super Kings,Chennai Super Kings,field,Chennai Super Kings,wickets,4,188,20,N,NA,Aleem Dar,RB Tiffin
336010,Kolkata,08-05-2008,Match 29,SC Ganguly,566,NULL,Eden Gardens,Kolkata Knight Riders,Royal Challengers Bangalore,Kolkata Knight Riders,bat,Kolkata Knight Riders,runs,5,130,16,N,NA,Asad Rauf,IL Howell
336011,Jaipur,09-05-2008,Match 30,YK Pathan,658,NULL,Sawai Mansingh Stadium,Rajasthan Royals,Deccan Chargers,Rajasthan Royals,field,Rajasthan Royals,wickets,8,141,20,N,NA,MR Benson,AM Saheba
336012,Bangalore,28-05-2008,Match 31,CRD Fernando,NULL,108,M Chinnaswamy Stadium,Royal Challengers Bangalore,Mumbai Indians,Mumbai Indians,field,Mumbai Indians,wickets,9,123,18,N,NA,BF Bowden,AV Jayaprakash
336013,Chennai,10-05-2008,Match 32,L Balaji,NULL,209,"MA Chidambaram Stadium, Chepauk",Chennai Super Kings,Kings XI Punjab,Kings XI Punjab,field,Chennai Super Kings,runs,18,182,20,N,NA,AV Jayaprakash,BG Jerling
336014,Hyderabad,11-05-2008,Match 33,SC Ganguly,566,NULL,"Rajiv Gandhi International Stadium, Uppal",Deccan Chargers,Kolkata Knight Riders,Kolkata Knight Riders,bat,Kolkata Knight Riders,runs,23,205,20,N,NA,IL Howell,AM Saheba
336015,Jaipur,11-05-2008,Match 34,SR Watson,529,NULL,Sawai Mansingh Stadium,Rajasthan Royals,Delhi Daredevils,Rajasthan Royals,field,Rajasthan Royals,wickets,3,157,20,N,NA,SJ Davis,RE Koertzen
336016,Chandigarh,12-05-2008,Match 35,SE Marsh,533,NULL,"Punjab Cricket Association Stadium, Mohali",Kings XI Punjab,Royal Challengers Bangalore,Royal Challengers Bangalore,bat,Kings XI Punjab,wickets,9,144,20,N,NA,BR Doctrove,I Shivram
336017,Kolkata,13-05-2008,Match 36,Shoaib Akhtar,NULL,368,Eden Gardens,Kolkata Knight Riders,Delhi Daredevils,Kolkata Knight Riders,bat,Kolkata Knight Riders,runs,23,134,20,N,NA,Asad Rauf,IL Howell
336018,Mumbai,14-05-2008,Match 37,ST Jayasuriya,NULL,336,Wankhede Stadium,Mumbai Indians,Chennai Super Kings,Mumbai Indians,field,Mumbai Indians,wickets,9,157,20,N,NA,BR Doctrove,AM Saheba
336019,Chandigarh,28-05-2008,Match 38,SE Marsh,533,NULL,"Punjab Cricket Association Stadium, Mohali",Kings XI Punjab,Rajasthan Royals,Rajasthan Royals,field,Kings XI Punjab,runs,41,222,20,N,NA,SJ Davis,K Hariharan
336020,Delhi,15-05-2008,Match 39,A Mishra,45,NULL,Feroz Shah Kotla,Delhi Daredevils,Deccan Chargers,Deccan Chargers,field,Delhi Daredevils,runs,12,195,20,N,NA,BG Jerling,GA Pratapkumar
336021,Mumbai,16-05-2008,Match 40,SM Pollock,NULL,359,Wankhede Stadium,Mumbai Indians,Kolkata Knight Riders,Mumbai Indians,field,Mumbai Indians,wickets,8,68,20,N,NA,BR Doctrove,DJ Harper
336022,Delhi,17-05-2008,Match 41,DPMD Jayawardene,323,NULL,Feroz Shah Kotla,Delhi Daredevils,Kings XI Punjab,Delhi Daredevils,bat,Kings XI Punjab,runs,6,89,8,N,D/L,AV Jayaprakash,RE Koertzen
336023,Jaipur,17-05-2008,Match 42,GC Smith,202,NULL,Sawai Mansingh Stadium,Rajasthan Royals,Royal Challengers Bangalore,Royal Challengers Bangalore,field,Rajasthan Royals,runs,65,198,20,N,NA,BF Bowden,SL Shastri
336024,Hyderabad,18-05-2008,Match 43,DJ Bravo,146,NULL,"Rajiv Gandhi International Stadium, Uppal",Deccan Chargers,Mumbai Indians,Deccan Chargers,field,Mumbai Indians,runs,25,179,20,N,NA,BR Doctrove,DJ Harper
336025,Kolkata,18-05-2008,Match 44,M Ntini,NULL,226,Eden Gardens,Kolkata Knight Riders,Chennai Super Kings,Kolkata Knight Riders,bat,Chennai Super Kings,runs,3,53,8,N,D/L,Asad Rauf,K Hariharan
336026,Bangalore,19-05-2008,Match 45,SP Goswami,551,NULL,M Chinnaswamy Stadium,Royal Challengers Bangalore,Delhi Daredevils,Delhi Daredevils,field,Delhi Daredevils,wickets,5,155,20,N,NA,SJ Davis,GA Pratapkumar
336027,Kolkata,20-05-2008,Match 46,YK Pathan,658,NULL,Eden Gardens,Kolkata Knight Riders,Rajasthan Royals,Rajasthan Royals,field,Rajasthan Royals,wickets,6,148,20,N,NA,BG Jerling,RE Koertzen
336028,Mumbai,21-05-2008,Match 47,SE Marsh,533,NULL,Wankhede Stadium,Mumbai Indians,Kings XI Punjab,Mumbai Indians,field,Kings XI Punjab,runs,1,190,20,N,NA,BF Bowden,GA Pratapkumar
336029,Chennai,21-05-2008,Match 48,A Kumble,NULL,35,"MA Chidambaram Stadium, Chepauk",Chennai Super Kings,Royal Challengers Bangalore,Royal Challengers Bangalore,bat,Royal Challengers Bangalore,runs,14,127,20,N,NA,DJ Harper,I Shivram
336031,Chandigarh,23-05-2008,Match 49,SE Marsh,533,NULL,"Punjab Cricket Association Stadium, Mohali",Kings XI Punjab,Deccan Chargers,Kings XI Punjab,field,Kings XI Punjab,wickets,6,176,20,N,NA,Asad Rauf,SJ Davis
336032,Delhi,24-05-2008,Match 50,KD Karthik,172,NULL,Feroz Shah Kotla,Delhi Daredevils,Mumbai Indians,Delhi Daredevils,field,Delhi Daredevils,wickets,5,177,20,N,NA,BF Bowden,K Hariharan
336033,Chennai,24-05-2008,Match 51,JA Morkel,NULL,22,"MA Chidambaram Stadium, Chepauk",Chennai Super Kings,Rajasthan Royals,Rajasthan Royals,bat,Rajasthan Royals,runs,10,212,20,N,NA,DJ Harper,SL Shastri
336034,Bangalore,03-05-2008,Match 52,P Kumar,NULL,294,M Chinnaswamy Stadium,Royal Challengers Bangalore,Deccan Chargers,Deccan Chargers,field,Royal Challengers Bangalore,runs,3,157,20,N,NA,BR Doctrove,SL Shastri
336035,Kolkata,25-05-2008,Match 53,Umar Gul,NULL,414,Eden Gardens,Kolkata Knight Riders,Kings XI Punjab,Kings XI Punjab,bat,Kolkata Knight Riders,wickets,3,175,20,N,NA,SJ Davis,I Shivram
336036,Jaipur,26-05-2008,Match 54,Sohail Tanvir,NULL,380,Sawai Mansingh Stadium,Rajasthan Royals,Mumbai Indians,Rajasthan Royals,field,Rajasthan Royals,wickets,5,146,20,N,NA,BF Bowden,K Hariharan
336037,Hyderabad,27-05-2008,Match 55,SK Raina,584,NULL,"Rajiv Gandhi International Stadium, Uppal",Deccan Chargers,Chennai Super Kings,Deccan Chargers,bat,Chennai Super Kings,wickets,7,148,20,N,NA,BG Jerling,AM Saheba
336038,Mumbai,30-05-2008,Semi Final,SR Watson,529,NULL,Wankhede Stadium,Delhi Daredevils,Rajasthan Royals,Delhi Daredevils,field,Rajasthan Royals,runs,105,193,20,N,NA,BF Bowden,RE Koertzen
336039,Mumbai,31-05-2008,Semi Final,M Ntini,NULL,226,Wankhede Stadium,Chennai Super Kings,Kings XI Punjab,Kings XI Punjab,bat,Chennai Super Kings,wickets,9,113,20,N,NA,Asad Rauf,DJ Harper
336040,Mumbai,01-06-2008,Final,YK Pathan,658,NULL,Dr DY Patil Sports Academy,Chennai Super Kings,Rajasthan Royals,Rajasthan Royals,field,Rajasthan Royals,wickets,3,164,20,N,NA,BF Bowden,RE Koertzen
392181,Cape Town,18-04-2009,Match 1,SR Tendulkar,497,NULL,Newlands,Chennai Super Kings,Mumbai Indians,Chennai Super Kings,field,Mumbai Indians,runs,19,166,20,N,NA,BR Doctrove,K Hariharan
392182,Cape Town,18-04-2009,Match 2,R Dravid,443,NULL,Newlands,Royal Challengers Bangalore,Rajasthan Royals,Royal Challengers Bangalore,bat,Royal Challengers Bangalore,runs,75,134,20,N,NA,BR Doctrove,RB Tiffin
392183,Cape Town,19-04-2009,Match 3,DL Vettori,145,NULL,Newlands,Delhi Daredevils,Kings XI Punjab,Delhi Daredevils,field,Delhi Daredevils,wickets,10,54,6,N,D/L,MR Benson,SD Ranade
392184,Cape Town,19-04-2009,Match 4,RP Singh,NULL,326,Newlands,Deccan Chargers,Kolkata Knight Riders,Kolkata Knight Riders,bat,Deccan Chargers,wickets,8,102,20,N,NA,MR Benson,BR Doctrove
392185,Port Elizabeth,20-04-2009,Match 5,M Muralitharan,NULL,258,St George's Park,Royal Challengers Bangalore,Chennai Super Kings,Chennai Super Kings,bat,Chennai Super Kings,runs,92,180,20,N,NA,BG Jerling,SJA Taufel
392186,Durban,21-04-2009,Match 6,CH Gayle,129,NULL,Kingsmead,Kings XI Punjab,Kolkata Knight Riders,Kolkata Knight Riders,field,Kolkata Knight Riders,runs,11,69,9.2,N,D/L,DJ Harper,SD Ranade
392188,Cape Town,22-04-2009,Match 7,AC Gilchrist,17,NULL,Newlands,Royal Challengers Bangalore,Deccan Chargers,Deccan Chargers,bat,Deccan Chargers,runs,24,185,20,N,NA,M Erasmus,AM Saheba
392189,Durban,23-04-2009,Match 8,AB de Villiers,3,NULL,Kingsmead,Chennai Super Kings,Delhi Daredevils,Delhi Daredevils,bat,Delhi Daredevils,runs,9,190,20,N,NA,BR Doctrove,SJA Taufel
392190,Cape Town,23-04-2009,Match 9,YK Pathan,658,NULL,Newlands,Kolkata Knight Riders,Rajasthan Royals,Kolkata Knight Riders,field,Rajasthan Royals,tie,NA,151,20,Y,NA,MR Benson,M Erasmus
392191,Durban,24-04-2009,Match 10,RS Bopara,461,NULL,Kingsmead,Royal Challengers Bangalore,Kings XI Punjab,Royal Challengers Bangalore,bat,Kings XI Punjab,wickets,7,169,20,N,NA,BR Doctrove,TH Wijewardene
392192,Durban,25-04-2009,Match 11,PP Ojha,NULL,290,Kingsmead,Deccan Chargers,Mumbai Indians,Deccan Chargers,bat,Deccan Chargers,runs,12,169,20,N,NA,HDPK Dharmasena,SJA Taufel
392194,Port Elizabeth,26-04-2009,Match 12,TM Dilshan,600,NULL,St George's Park,Royal Challengers Bangalore,Delhi Daredevils,Royal Challengers Bangalore,bat,Delhi Daredevils,wickets,6,150,20,N,NA,S Asnani,BG Jerling
392195,Cape Town,26-04-2009,Match 13,KC Sangakkara,301,NULL,Newlands,Kings XI Punjab,Rajasthan Royals,Kings XI Punjab,bat,Kings XI Punjab,runs,27,140,20,N,NA,M Erasmus,K Hariharan
392196,Durban,27-04-2009,Match 14,HH Gibbs,221,NULL,Kingsmead,Chennai Super Kings,Deccan Chargers,Deccan Chargers,field,Deccan Chargers,wickets,6,166,20,N,NA,IL Howell,TH Wijewardene
392197,Port Elizabeth,27-04-2009,Match 15,SR Tendulkar,497,NULL,St George's Park,Kolkata Knight Riders,Mumbai Indians,Mumbai Indians,bat,Mumbai Indians,runs,92,188,20,N,NA,BG Jerling,RB Tiffin
392198,Centurion,28-04-2009,Match 16,YK Pathan,658,NULL,SuperSport Park,Delhi Daredevils,Rajasthan Royals,Delhi Daredevils,bat,Rajasthan Royals,wickets,5,144,20,N,NA,GAV Baxter,RE Koertzen
392199,Durban,29-04-2009,Match 17,MV Boucher,338,NULL,Kingsmead,Royal Challengers Bangalore,Kolkata Knight Riders,Kolkata Knight Riders,bat,Royal Challengers Bangalore,wickets,5,140,20,N,NA,MR Benson,TH Wijewardene
392200,Durban,29-04-2009,Match 18,KC Sangakkara,301,NULL,Kingsmead,Kings XI Punjab,Mumbai Indians,Kings XI Punjab,bat,Kings XI Punjab,runs,3,120,20,N,NA,MR Benson,SL Shastri
392201,Centurion,30-04-2009,Match 19,DP Nannes,NULL,111,SuperSport Park,Deccan Chargers,Delhi Daredevils,Delhi Daredevils,field,Delhi Daredevils,wickets,6,149,20,N,NA,GAV Baxter,AM Saheba
392202,Centurion,30-04-2009,Match 20,SK Raina,584,NULL,SuperSport Park,Chennai Super Kings,Rajasthan Royals,Rajasthan Royals,field,Chennai Super Kings,runs,38,165,20,N,NA,GAV Baxter,RE Koertzen
392203,East London,01-05-2009,Match 21,JP Duminy,267,NULL,Buffalo Park,Kolkata Knight Riders,Mumbai Indians,Mumbai Indians,bat,Mumbai Indians,runs,9,149,20,N,NA,M Erasmus,SK Tarapore
392204,Durban,01-05-2009,Match 22,Yuvraj Singh,659,NULL,Kingsmead,Royal Challengers Bangalore,Kings XI Punjab,Royal Challengers Bangalore,bat,Royal Challengers Bangalore,runs,8,146,20,N,NA,HDPK Dharmasena,S Ravi
392205,Port Elizabeth,02-05-2009,Match 23,YK Pathan,658,NULL,St George's Park,Deccan Chargers,Rajasthan Royals,Deccan Chargers,bat,Rajasthan Royals,wickets,3,142,20,N,NA,S Asnani,BG Jerling
392206,Johannesburg,02-05-2009,Match 24,SB Jakati,NULL,346,New Wanderers Stadium,Chennai Super Kings,Delhi Daredevils,Delhi Daredevils,field,Chennai Super Kings,runs,18,164,20,N,NA,DJ Harper,RE Koertzen
392207,Port Elizabeth,03-05-2009,Match 25,DPMD Jayawardene,323,NULL,St George's Park,Kings XI Punjab,Kolkata Knight Riders,Kolkata Knight Riders,bat,Kings XI Punjab,wickets,6,154,20,N,NA,S Asnani,MR Benson
392208,Johannesburg,03-05-2009,Match 26,JH Kallis,233,NULL,New Wanderers Stadium,Royal Challengers Bangalore,Mumbai Indians,Mumbai Indians,bat,Royal Challengers Bangalore,wickets,9,150,20,N,NA,RE Koertzen,TH Wijewardene
392209,East London,04-05-2009,Match 27,MS Dhoni,375,NULL,Buffalo Park,Chennai Super Kings,Deccan Chargers,Chennai Super Kings,bat,Chennai Super Kings,runs,78,179,20,N,NA,BR Doctrove,M Erasmus
392210,Durban,05-05-2009,Match 28,GC Smith,202,NULL,Kingsmead,Kings XI Punjab,Rajasthan Royals,Kings XI Punjab,field,Rajasthan Royals,runs,78,212,20,N,NA,SS Hazare,IL Howell
392211,Durban,05-05-2009,Match 29,G Gambhir,195,NULL,Kingsmead,Delhi Daredevils,Kolkata Knight Riders,Kolkata Knight Riders,bat,Delhi Daredevils,wickets,9,155,20,N,NA,GAV Baxter,IL Howell
392212,Centurion,06-05-2009,Match 30,RG Sharma,483,NULL,SuperSport Park,Deccan Chargers,Mumbai Indians,Deccan Chargers,bat,Deccan Chargers,runs,19,146,20,N,NA,MR Benson,HDPK Dharmasena
392213,Centurion,07-05-2009,Match 31,A Singh,47,NULL,SuperSport Park,Royal Challengers Bangalore,Rajasthan Royals,Rajasthan Royals,field,Rajasthan Royals,wickets,7,106,20,N,NA,K Hariharan,DJ Harper
392214,Centurion,07-05-2009,Match 32,ML Hayden,343,NULL,SuperSport Park,Chennai Super Kings,Kings XI Punjab,Chennai Super Kings,bat,Chennai Super Kings,runs,12,187,18,N,D/L,DJ Harper,TH Wijewardene
392215,East London,08-05-2009,Match 33,A Nehra,NULL,47,Buffalo Park,Delhi Daredevils,Mumbai Indians,Mumbai Indians,bat,Delhi Daredevils,wickets,7,117,20,N,NA,M Erasmus,SK Tarapore
392216,Kimberley,09-05-2009,Match 34,DPMD Jayawardene,323,NULL,De Beers Diamond Oval,Deccan Chargers,Kings XI Punjab,Kings XI Punjab,field,Kings XI Punjab,wickets,3,169,20,N,NA,GAV Baxter,AM Saheba
392217,Kimberley,09-05-2009,Match 35,S Badrinath,575,NULL,De Beers Diamond Oval,Chennai Super Kings,Rajasthan Royals,Rajasthan Royals,bat,Chennai Super Kings,wickets,7,141,20,N,NA,GAV Baxter,HDPK Dharmasena
392218,Port Elizabeth,10-05-2009,Match 36,JP Duminy,267,NULL,St George's Park,Royal Challengers Bangalore,Mumbai Indians,Mumbai Indians,bat,Mumbai Indians,runs,16,158,20,N,NA,BR Doctrove,BG Jerling
392219,Johannesburg,10-05-2009,Match 37,A Mishra,45,NULL,New Wanderers Stadium,Delhi Daredevils,Kolkata Knight Riders,Delhi Daredevils,field,Delhi Daredevils,wickets,7,124,20,N,NA,SL Shastri,RB Tiffin
392220,Kimberley,11-05-2009,Match 38,DR Smith,186,NULL,De Beers Diamond Oval,Deccan Chargers,Rajasthan Royals,Deccan Chargers,bat,Deccan Chargers,runs,53,167,20,N,NA,GAV Baxter,HDPK Dharmasena
392221,Centurion,12-05-2009,Match 39,LRPL Taylor,486,NULL,SuperSport Park,Royal Challengers Bangalore,Kolkata Knight Riders,Royal Challengers Bangalore,field,Royal Challengers Bangalore,wickets,6,174,20,N,NA,M Erasmus,SS Hazare
392222,Centurion,12-05-2009,Match 40,Harbhajan Singh,NULL,136,SuperSport Park,Kings XI Punjab,Mumbai Indians,Kings XI Punjab,bat,Mumbai Indians,wickets,8,120,20,N,NA,SS Hazare,RE Koertzen
392223,Durban,13-05-2009,Match 41,R Bhatia,451,NULL,Kingsmead,Deccan Chargers,Delhi Daredevils,Deccan Chargers,field,Delhi Daredevils,runs,12,174,20,N,NA,DJ Harper,SL Shastri
392224,Durban,14-05-2009,Match 42,LRPL Taylor,486,NULL,Kingsmead,Royal Challengers Bangalore,Chennai Super Kings,Chennai Super Kings,bat,Royal Challengers Bangalore,wickets,2,130,20,N,NA,BR Doctrove,DJ Harper
392225,Durban,14-05-2009,Match 43,SK Warne,NULL,354,Kingsmead,Mumbai Indians,Rajasthan Royals,Rajasthan Royals,bat,Rajasthan Royals,runs,2,146,20,N,NA,BR Doctrove,DJ Harper
392226,Bloemfontein,15-05-2009,Match 44,B Lee,NULL,76,OUTsurance Oval,Delhi Daredevils,Kings XI Punjab,Kings XI Punjab,field,Kings XI Punjab,wickets,6,121,20,N,NA,HDPK Dharmasena,IL Howell
392227,Port Elizabeth,16-05-2009,Match 45,ML Hayden,343,NULL,St George's Park,Chennai Super Kings,Mumbai Indians,Mumbai Indians,bat,Chennai Super Kings,wickets,7,148,20,N,NA,SK Tarapore,SJA Taufel
392228,Johannesburg,16-05-2009,Match 46,RG Sharma,483,NULL,New Wanderers Stadium,Deccan Chargers,Kolkata Knight Riders,Deccan Chargers,field,Deccan Chargers,wickets,6,161,20,N,NA,RE Koertzen,S Ravi
392229,Johannesburg,17-05-2009,Match 47,Yuvraj Singh,659,NULL,New Wanderers Stadium,Deccan Chargers,Kings XI Punjab,Deccan Chargers,field,Kings XI Punjab,runs,1,135,20,N,NA,S Ravi,RB Tiffin
392230,Bloemfontein,17-05-2009,Match 48,AB de Villiers,3,NULL,OUTsurance Oval,Delhi Daredevils,Rajasthan Royals,Delhi Daredevils,bat,Delhi Daredevils,runs,14,151,20,N,NA,SS Hazare,IL Howell
392231,Centurion,18-05-2009,Match 49,BJ Hodge,113,NULL,SuperSport Park,Chennai Super Kings,Kolkata Knight Riders,Chennai Super Kings,bat,Kolkata Knight Riders,wickets,7,189,20,N,NA,SJA Taufel,RB Tiffin
392232,Johannesburg,19-05-2009,Match 50,JH Kallis,233,NULL,New Wanderers Stadium,Royal Challengers Bangalore,Delhi Daredevils,Delhi Daredevils,bat,Royal Challengers Bangalore,wickets,7,135,20,N,NA,IL Howell,RB Tiffin
392233,Durban,20-05-2009,Match 51,LR Shukla,NULL,212,Kingsmead,Kolkata Knight Riders,Rajasthan Royals,Kolkata Knight Riders,field,Kolkata Knight Riders,wickets,4,102,20,N,NA,BG Jerling,SJA Taufel
392234,Durban,20-05-2009,Match 52,M Muralitharan,NULL,258,Kingsmead,Chennai Super Kings,Kings XI Punjab,Chennai Super Kings,bat,Chennai Super Kings,runs,24,117,20,N,NA,BG Jerling,SJA Taufel
392235,Centurion,21-05-2009,Match 53,V Sehwag,637,NULL,SuperSport Park,Delhi Daredevils,Mumbai Indians,Delhi Daredevils,field,Delhi Daredevils,wickets,4,166,20,N,NA,IL Howell,S Ravi
392236,Centurion,21-05-2009,Match 54,MK Pandey,330,NULL,SuperSport Park,Royal Challengers Bangalore,Deccan Chargers,Royal Challengers Bangalore,bat,Royal Challengers Bangalore,runs,12,171,20,N,NA,IL Howell,S Ravi
392237,Centurion,22-05-2009,Semi Final,AC Gilchrist,17,NULL,SuperSport Park,Delhi Daredevils,Deccan Chargers,Deccan Chargers,field,Deccan Chargers,wickets,6,154,20,N,NA,BR Doctrove,DJ Harper
392238,Johannesburg,23-05-2009,Semi Final,MK Pandey,330,NULL,New Wanderers Stadium,Royal Challengers Bangalore,Chennai Super Kings,Royal Challengers Bangalore,field,Royal Challengers Bangalore,wickets,6,147,20,N,NA,RE Koertzen,SJA Taufel
392239,Johannesburg,24-05-2009,Final,A Kumble,NULL,35,New Wanderers Stadium,Royal Challengers Bangalore,Deccan Chargers,Royal Challengers Bangalore,field,Deccan Chargers,runs,6,144,20,N,NA,RE Koertzen,SJA Taufel
419106,Mumbai,12-03-2010,Match 1,AD Mathews,54,NULL,Dr DY Patil Sports Academy,Deccan Chargers,Kolkata Knight Riders,Deccan Chargers,field,Kolkata Knight Riders,runs,11,162,20,N,NA,RE Koertzen,RB Tiffin
419107,Mumbai,13-03-2010,Match 2,YK Pathan,658,NULL,Brabourne Stadium,Mumbai Indians,Rajasthan Royals,Mumbai Indians,bat,Mumbai Indians,runs,4,213,20,N,NA,RE Koertzen,RB Tiffin
419108,Chandigarh,13-03-2010,Match 3,G Gambhir,195,NULL,"Punjab Cricket Association Stadium, Mohali",Kings XI Punjab,Delhi Daredevils,Delhi Daredevils,field,Delhi Daredevils,wickets,5,143,20,N,NA,BR Doctrove,S Ravi
419109,Kolkata,14-03-2010,Match 4,MK Tiwary,331,NULL,Eden Gardens,Kolkata Knight Riders,Royal Challengers Bangalore,Kolkata Knight Riders,field,Kolkata Knight Riders,wickets,7,136,20,N,NA,HDPK Dharmasena,AM Saheba
419110,Chennai,14-03-2010,Match 5,WPUJC Vaas,NULL,82,"MA Chidambaram Stadium, Chepauk",Chennai Super Kings,Deccan Chargers,Deccan Chargers,bat,Deccan Chargers,runs,31,191,20,N,NA,K Hariharan,DJ Harper
419111,Ahmedabad,15-03-2010,Match 6,V Sehwag,637,NULL,"Sardar Patel Stadium, Motera",Rajasthan Royals,Delhi Daredevils,Delhi Daredevils,field,Delhi Daredevils,wickets,6,142,20,N,NA,BG Jerling,RE Koertzen
419112,Bangalore,16-03-2010,Match 7,JH Kallis,233,NULL,M Chinnaswamy Stadium,Royal Challengers Bangalore,Kings XI Punjab,Kings XI Punjab,bat,Royal Challengers Bangalore,wickets,8,204,20,N,NA,S Das,DJ Harper
419113,Kolkata,16-03-2010,Match 8,MS Dhoni,375,NULL,Eden Gardens,Kolkata Knight Riders,Chennai Super Kings,Chennai Super Kings,bat,Chennai Super Kings,runs,55,165,20,N,NA,HDPK Dharmasena,AM Saheba
419114,Delhi,17-03-2010,Match 9,SR Tendulkar,497,NULL,Feroz Shah Kotla,Delhi Daredevils,Mumbai Indians,Delhi Daredevils,field,Mumbai Indians,runs,98,219,20,N,NA,BR Doctrove,SK Tarapore
419115,Bangalore,18-03-2010,Match 10,JH Kallis,233,NULL,M Chinnaswamy Stadium,Royal Challengers Bangalore,Rajasthan Royals,Royal Challengers Bangalore,field,Royal Challengers Bangalore,wickets,10,93,20,N,NA,K Hariharan,DJ Harper
419116,Delhi,19-03-2010,Match 11,ML Hayden,343,NULL,Feroz Shah Kotla,Delhi Daredevils,Chennai Super Kings,Delhi Daredevils,bat,Chennai Super Kings,wickets,5,186,20,N,NA,BR Doctrove,SK Tarapore
419117,Cuttack,19-03-2010,Match 12,A Symonds,52,NULL,Barabati Stadium,Deccan Chargers,Kings XI Punjab,Kings XI Punjab,field,Deccan Chargers,runs,6,171,20,N,NA,BF Bowden,M Erasmus
419118,Ahmedabad,20-03-2010,Match 13,AA Jhunjhunwala,11,NULL,"Sardar Patel Stadium, Motera",Rajasthan Royals,Kolkata Knight Riders,Rajasthan Royals,bat,Rajasthan Royals,runs,34,169,20,N,NA,RE Koertzen,RB Tiffin
419119,Mumbai,20-03-2010,Match 14,JH Kallis,233,NULL,Brabourne Stadium,Mumbai Indians,Royal Challengers Bangalore,Mumbai Indians,bat,Royal Challengers Bangalore,wickets,7,152,20,N,NA,HDPK Dharmasena,SS Hazare
419120,Cuttack,21-03-2010,Match 15,A Symonds,52,NULL,Barabati Stadium,Deccan Chargers,Delhi Daredevils,Deccan Chargers,bat,Deccan Chargers,runs,10,172,20,N,NA,BF Bowden,M Erasmus
419121,Chennai,21-03-2010,Match 16,J Theron,NULL,181,"MA Chidambaram Stadium, Chepauk",Chennai Super Kings,Kings XI Punjab,Chennai Super Kings,field,Kings XI Punjab,tie,NA,137,20,Y,NA,K Hariharan,DJ Harper
419122,Mumbai,22-03-2010,Match 17,SR Tendulkar,497,NULL,Brabourne Stadium,Mumbai Indians,Kolkata Knight Riders,Kolkata Knight Riders,bat,Mumbai Indians,wickets,7,156,20,N,NA,SS Hazare,SJA Taufel
419123,Bangalore,23-03-2010,Match 18,RV Uthappa,479,NULL,M Chinnaswamy Stadium,Royal Challengers Bangalore,Chennai Super Kings,Chennai Super Kings,field,Royal Challengers Bangalore,runs,36,172,20,N,NA,RE Koertzen,RB Tiffin
419124,Chandigarh,24-03-2010,Match 19,AC Voges,19,NULL,"Punjab Cricket Association Stadium, Mohali",Kings XI Punjab,Rajasthan Royals,Kings XI Punjab,field,Rajasthan Royals,runs,31,184,20,N,NA,BR Doctrove,SK Tarapore
419125,Mumbai,25-03-2010,Match 20,SR Tendulkar,497,NULL,"Brabourne Stadium, Mumbai",Chennai Super Kings,Mumbai Indians,Mumbai Indians,field,Mumbai Indians,wickets,5,181,20,N,NA,AM Saheba,BF Bowden
419126,Ahmedabad,26-03-2010,Match 21,YK Pathan,658,NULL,"Sardar Patel Stadium, Motera",Rajasthan Royals,Deccan Chargers,Deccan Chargers,bat,Rajasthan Royals,wickets,8,149,20,N,NA,HDPK Dharmasena,SJA Taufel
419127,Chandigarh,27-03-2010,Match 22,MK Tiwary,331,NULL,"Punjab Cricket Association Stadium, Mohali",Kings XI Punjab,Kolkata Knight Riders,Kolkata Knight Riders,bat,Kolkata Knight Riders,runs,39,184,20,N,NA,BR Doctrove,S Ravi
419128,Bangalore,25-03-2010,Match 23,KM Jadhav,284,NULL,M Chinnaswamy Stadium,Royal Challengers Bangalore,Delhi Daredevils,Royal Challengers Bangalore,field,Delhi Daredevils,runs,17,184,20,N,NA,BG Jerling,RE Koertzen
419129,Ahmedabad,28-03-2010,Match 24,NV Ojha,387,NULL,"Sardar Patel Stadium, Motera",Rajasthan Royals,Chennai Super Kings,Rajasthan Royals,bat,Rajasthan Royals,runs,17,178,20,N,NA,SS Hazare,SJA Taufel
419130,Mumbai,28-03-2010,Match 25,Harbhajan Singh,NULL,136,Dr DY Patil Sports Academy,Deccan Chargers,Mumbai Indians,Deccan Chargers,field,Mumbai Indians,runs,41,173,20,N,NA,S Das,K Hariharan
419131,Delhi,29-03-2010,Match 26,DA Warner,154,NULL,Feroz Shah Kotla,Delhi Daredevils,Kolkata Knight Riders,Delhi Daredevils,bat,Delhi Daredevils,runs,40,178,20,N,NA,SS Hazare,SJA Taufel
419132,Mumbai,30-03-2010,Match 27,SL Malinga,NULL,211,Brabourne Stadium,Mumbai Indians,Kings XI Punjab,Mumbai Indians,field,Mumbai Indians,wickets,4,164,20,N,NA,BR Doctrove,SK Tarapore
419133,Chennai,31-03-2010,Match 28,M Vijay,381,NULL,"MA Chidambaram Stadium, Chepauk",Chennai Super Kings,Royal Challengers Bangalore,Royal Challengers Bangalore,bat,Chennai Super Kings,wickets,5,162,20,N,NA,BG Jerling,RE Koertzen
419134,Delhi,31-03-2010,Match 29,KD Karthik,172,NULL,Feroz Shah Kotla,Delhi Daredevils,Rajasthan Royals,Delhi Daredevils,bat,Delhi Daredevils,runs,67,189,20,N,NA,HDPK Dharmasena,SJA Taufel
419135,Kolkata,01-04-2010,Match 30,SC Ganguly,566,NULL,Eden Gardens,Kolkata Knight Riders,Deccan Chargers,Kolkata Knight Riders,bat,Kolkata Knight Riders,runs,24,182,20,N,NA,K Hariharan,DJ Harper
419136,Chandigarh,02-04-2010,Match 31,KP Pietersen,288,NULL,"Punjab Cricket Association Stadium, Mohali",Kings XI Punjab,Royal Challengers Bangalore,Kings XI Punjab,bat,Royal Challengers Bangalore,wickets,6,182,20,N,NA,BF Bowden,M Erasmus
419137,Chennai,03-04-2010,Match 32,M Vijay,381,NULL,"MA Chidambaram Stadium, Chepauk",Chennai Super Kings,Rajasthan Royals,Chennai Super Kings,bat,Chennai Super Kings,runs,23,247,20,N,NA,RE Koertzen,RB Tiffin
419138,Mumbai,03-04-2010,Match 33,AT Rayudu,44,NULL,Brabourne Stadium,Mumbai Indians,Deccan Chargers,Mumbai Indians,bat,Mumbai Indians,runs,63,179,20,N,NA,BR Doctrove,S Ravi
419139,Kolkata,04-04-2010,Match 34,DPMD Jayawardene,323,NULL,Eden Gardens,Kolkata Knight Riders,Kings XI Punjab,Kolkata Knight Riders,bat,Kings XI Punjab,wickets,8,201,20,N,NA,S Asnani,DJ Harper
419140,Delhi,04-04-2010,Match 35,PD Collingwood,416,NULL,Feroz Shah Kotla,Delhi Daredevils,Royal Challengers Bangalore,Delhi Daredevils,bat,Delhi Daredevils,runs,37,185,20,N,NA,BF Bowden,M Erasmus
419141,Nagpur,05-04-2010,Match 36,SK Warne,NULL,354,"Vidarbha Cricket Association Stadium, Jamtha",Deccan Chargers,Rajasthan Royals,Rajasthan Royals,bat,Rajasthan Royals,runs,2,160,20,N,NA,HDPK Dharmasena,SJA Taufel
419142,Chennai,06-04-2010,Match 37,SK Raina,584,NULL,"MA Chidambaram Stadium, Chepauk",Chennai Super Kings,Mumbai Indians,Chennai Super Kings,bat,Chennai Super Kings,runs,24,166,20,N,NA,S Asnani,DJ Harper
419143,Jaipur,07-04-2010,Match 38,MJ Lumb,353,NULL,Sawai Mansingh Stadium,Rajasthan Royals,Kings XI Punjab,Kings XI Punjab,bat,Rajasthan Royals,wickets,9,154,20,N,NA,S Ravi,SK Tarapore
419144,Kolkata,07-04-2010,Match 39,SC Ganguly,566,NULL,Eden Gardens,Kolkata Knight Riders,Delhi Daredevils,Kolkata Knight Riders,bat,Kolkata Knight Riders,runs,14,182,20,N,NA,BG Jerling,RE Koertzen
419145,Bangalore,08-04-2010,Match 40,TL Suman,605,NULL,M Chinnaswamy Stadium,Royal Challengers Bangalore,Deccan Chargers,Deccan Chargers,field,Deccan Chargers,wickets,7,185,20,N,NA,S Asnani,DJ Harper
419146,Chandigarh,09-04-2010,Match 41,KC Sangakkara,301,NULL,"Punjab Cricket Association Stadium, Mohali",Kings XI Punjab,Mumbai Indians,Mumbai Indians,bat,Kings XI Punjab,wickets,6,155,20,N,NA,M Erasmus,AM Saheba
419147,Nagpur,10-04-2010,Match 42,RJ Harris,491,NULL,"Vidarbha Cricket Association Stadium, Jamtha",Deccan Chargers,Chennai Super Kings,Chennai Super Kings,bat,Deccan Chargers,wickets,6,139,20,N,NA,HDPK Dharmasena,SJA Taufel
419148,Bangalore,10-04-2010,Match 43,R Vinay Kumar,NULL,429,M Chinnaswamy Stadium,Royal Challengers Bangalore,Kolkata Knight Riders,Royal Challengers Bangalore,field,Royal Challengers Bangalore,wickets,7,161,20,N,NA,K Hariharan,DJ Harper
419149,Delhi,11-04-2010,Match 44,PP Chawla,NULL,286,Feroz Shah Kotla,Delhi Daredevils,Kings XI Punjab,Delhi Daredevils,bat,Kings XI Punjab,wickets,7,112,20,N,NA,BF Bowden,AM Saheba
419150,Jaipur,11-04-2010,Match 45,SR Tendulkar,497,NULL,Sawai Mansingh Stadium,Rajasthan Royals,Mumbai Indians,Rajasthan Royals,field,Mumbai Indians,runs,37,175,20,N,NA,BR Doctrove,SK Tarapore
419151,Nagpur,12-04-2010,Match 46,Harmeet Singh,NULL,139,"Vidarbha Cricket Association Stadium, Jamtha",Deccan Chargers,Royal Challengers Bangalore,Royal Challengers Bangalore,field,Deccan Chargers,runs,13,152,20,N,NA,RE Koertzen,RB Tiffin
419152,Mumbai,13-04-2010,Match 47,KA Pollard,291,NULL,Brabourne Stadium,Mumbai Indians,Delhi Daredevils,Mumbai Indians,bat,Mumbai Indians,runs,39,184,20,N,NA,S Asnani,DJ Harper
419153,Chennai,13-04-2010,Match 48,R Ashwin,NULL,312,"MA Chidambaram Stadium, Chepauk",Chennai Super Kings,Kolkata Knight Riders,Kolkata Knight Riders,bat,Chennai Super Kings,wickets,9,140,20,N,NA,SS Hazare,SJA Taufel
419154,Jaipur,14-04-2010,Match 49,KP Pietersen,288,NULL,Sawai Mansingh Stadium,Rajasthan Royals,Royal Challengers Bangalore,Rajasthan Royals,bat,Royal Challengers Bangalore,wickets,5,131,20,N,NA,BR Doctrove,S Ravi
419155,Chennai,15-04-2010,Match 50,G Gambhir,195,NULL,"MA Chidambaram Stadium, Chepauk",Chennai Super Kings,Delhi Daredevils,Chennai Super Kings,bat,Delhi Daredevils,wickets,6,113,20,N,NA,HDPK Dharmasena,SS Hazare
419156,Dharamsala,16-04-2010,Match 51,RG Sharma,483,NULL,Himachal Pradesh Cricket Association Stadium,Kings XI Punjab,Deccan Chargers,Deccan Chargers,field,Deccan Chargers,wickets,5,175,20,N,NA,M Erasmus,AM Saheba
419157,Bangalore,17-04-2010,Match 52,R McLaren,NULL,328,M Chinnaswamy Stadium,Royal Challengers Bangalore,Mumbai Indians,Royal Challengers Bangalore,field,Mumbai Indians,runs,57,192,20,N,NA,HDPK Dharmasena,SJA Taufel
419158,Kolkata,17-04-2010,Match 53,JD Unadkat,NULL,167,Eden Gardens,Kolkata Knight Riders,Rajasthan Royals,Rajasthan Royals,bat,Kolkata Knight Riders,wickets,8,133,20,N,NA,BG Jerling,RB Tiffin
419159,Dharamsala,18-04-2010,Match 54,MS Dhoni,375,NULL,Himachal Pradesh Cricket Association Stadium,Kings XI Punjab,Chennai Super Kings,Chennai Super Kings,field,Chennai Super Kings,wickets,6,193,20,N,NA,BF Bowden,AM Saheba
419160,Delhi,18-04-2010,Match 55,A Symonds,52,NULL,Feroz Shah Kotla,Delhi Daredevils,Deccan Chargers,Deccan Chargers,bat,Deccan Chargers,runs,11,146,20,N,NA,BR Doctrove,SK Tarapore
419161,Kolkata,19-04-2010,Match 56,M Kartik,NULL,254,Eden Gardens,Kolkata Knight Riders,Mumbai Indians,Mumbai Indians,bat,Kolkata Knight Riders,wickets,9,134,20,N,NA,BG Jerling,RE Koertzen
419162,Mumbai,21-04-2010,Semi Final,KA Pollard,291,NULL,Dr DY Patil Sports Academy,Royal Challengers Bangalore,Mumbai Indians,Mumbai Indians,bat,Mumbai Indians,runs,35,185,20,N,NA,BR Doctrove,RB Tiffin
419163,Mumbai,22-04-2010,Semi Final,DE Bollinger,NULL,116,Dr DY Patil Sports Academy,Chennai Super Kings,Deccan Chargers,Chennai Super Kings,bat,Chennai Super Kings,runs,38,143,20,N,NA,BR Doctrove,RB Tiffin
419164,Mumbai,24-04-2010,3rd Place Play-Off,A Kumble,NULL,35,Dr DY Patil Sports Academy,Royal Challengers Bangalore,Deccan Chargers,Deccan Chargers,bat,Royal Challengers Bangalore,wickets,9,83,20,N,NA,RE Koertzen,SJA Taufel
419165,Mumbai,25-04-2010,Final,SK Raina,584,NULL,Dr DY Patil Sports Academy,Chennai Super Kings,Mumbai Indians,Chennai Super Kings,bat,Chennai Super Kings,runs,22,169,20,N,NA,RE Koertzen,SJA Taufel
501198,Chennai,08-04-2011,Match 1,S Anirudha,571,NULL,"MA Chidambaram Stadium, Chepauk",Chennai Super Kings,Kolkata Knight Riders,Chennai Super Kings,bat,Chennai Super Kings,runs,2,154,20,N,NA,BR Doctrove,PR Reiffel
501199,Hyderabad,09-04-2011,Match 2,SK Trivedi,559,NULL,"Rajiv Gandhi International Stadium, Uppal",Deccan Chargers,Rajasthan Royals,Rajasthan Royals,field,Rajasthan Royals,wickets,8,138,20,N,NA,RE Koertzen,SK Tarapore
501200,Kochi,09-04-2011,Match 3,AB de Villiers,3,NULL,Nehru Stadium,Kochi Tuskers Kerala,Royal Challengers Bangalore,Kochi Tuskers Kerala,bat,Royal Challengers Bangalore,wickets,6,162,20,N,NA,HDPK Dharmasena,K Hariharan
501201,Delhi,10-04-2011,Match 4,SL Malinga,NULL,211,Feroz Shah Kotla,Delhi Daredevils,Mumbai Indians,Delhi Daredevils,bat,Mumbai Indians,wickets,8,96,20,N,NA,AM Saheba,RB Tiffin
501202,Mumbai,10-04-2011,Match 5,SB Wagh,NULL,372,Dr DY Patil Sports Academy,Pune Warriors,Kings XI Punjab,Kings XI Punjab,bat,Pune Warriors,wickets,7,113,20,N,NA,BR Doctrove,PR Reiffel
501203,Kolkata,11-04-2011,Match 6,JH Kallis,233,NULL,Eden Gardens,Kolkata Knight Riders,Deccan Chargers,Kolkata Knight Riders,bat,Kolkata Knight Riders,runs,9,164,20,N,NA,RE Koertzen,SK Tarapore
501204,Jaipur,12-04-2011,Match 7,SK Warne,NULL,354,Sawai Mansingh Stadium,Rajasthan Royals,Delhi Daredevils,Delhi Daredevils,bat,Rajasthan Royals,wickets,6,152,20,N,NA,Aleem Dar,RB Tiffin
501205,Bangalore,12-04-2011,Match 8,SR Tendulkar,497,NULL,M Chinnaswamy Stadium,Royal Challengers Bangalore,Mumbai Indians,Mumbai Indians,field,Mumbai Indians,wickets,9,141,20,N,NA,HDPK Dharmasena,AL Hill
501206,Chandigarh,13-04-2011,Match 9,PC Valthaty,417,NULL,"Punjab Cricket Association Stadium, Mohali",Kings XI Punjab,Chennai Super Kings,Kings XI Punjab,field,Kings XI Punjab,wickets,6,189,20,N,NA,Asad Rauf,SL Shastri
501207,Mumbai,13-04-2011,Match 10,MD Mishra,371,NULL,Dr DY Patil Sports Academy,Pune Warriors,Kochi Tuskers Kerala,Kochi Tuskers Kerala,bat,Pune Warriors,wickets,4,149,20,N,NA,S Asnani,PR Reiffel
501208,Hyderabad,14-04-2011,Match 11,DW Steyn,NULL,95,"Rajiv Gandhi International Stadium, Uppal",Deccan Chargers,Royal Challengers Bangalore,Royal Challengers Bangalore,field,Deccan Chargers,runs,33,176,20,N,NA,RE Koertzen,S Ravi
501209,Jaipur,15-04-2011,Match 12,G Gambhir,195,NULL,Sawai Mansingh Stadium,Rajasthan Royals,Kolkata Knight Riders,Kolkata Knight Riders,field,Kolkata Knight Riders,wickets,9,160,20,N,NA,Aleem Dar,SS Hazare
501210,Mumbai,15-04-2011,Match 13,BB McCullum,115,NULL,Wankhede Stadium,Mumbai Indians,Kochi Tuskers Kerala,Kochi Tuskers Kerala,field,Kochi Tuskers Kerala,wickets,8,183,20,N,NA,BR Doctrove,PR Reiffel
501211,Chennai,16-04-2011,Match 14,MEK Hussey,351,NULL,"MA Chidambaram Stadium, Chepauk",Chennai Super Kings,Royal Challengers Bangalore,Chennai Super Kings,bat,Chennai Super Kings,runs,21,184,20,N,NA,HDPK Dharmasena,AL Hill
501212,Hyderabad,16-04-2011,Match 15,PC Valthaty,417,NULL,"Rajiv Gandhi International Stadium, Uppal",Deccan Chargers,Kings XI Punjab,Kings XI Punjab,field,Kings XI Punjab,wickets,8,166,20,N,NA,RE Koertzen,S Ravi
501213,Mumbai,17-04-2011,Match 16,Yuvraj Singh,659,NULL,Dr DY Patil Sports Academy,Pune Warriors,Delhi Daredevils,Delhi Daredevils,field,Delhi Daredevils,wickets,3,188,20,N,NA,Asad Rauf,AM Saheba
501214,Kolkata,17-04-2011,Match 17,L Balaji,NULL,209,Eden Gardens,Kolkata Knight Riders,Rajasthan Royals,Kolkata Knight Riders,field,Kolkata Knight Riders,wickets,8,82,20,N,NA,Aleem Dar,RB Tiffin
501215,Kochi,18-04-2011,Match 18,BB McCullum,115,NULL,Nehru Stadium,Kochi Tuskers Kerala,Chennai Super Kings,Kochi Tuskers Kerala,field,Kochi Tuskers Kerala,wickets,7,135,17,N,D/L,K Hariharan,AL Hill
501216,Delhi,19-04-2011,Match 19,S Sohal,582,NULL,Feroz Shah Kotla,Delhi Daredevils,Deccan Chargers,Deccan Chargers,bat,Deccan Chargers,runs,16,169,20,N,NA,PR Reiffel,RJ Tucker
501218,Mumbai,20-04-2011,Match 20,MM Patel,NULL,253,Wankhede Stadium,Mumbai Indians,Pune Warriors,Pune Warriors,bat,Mumbai Indians,wickets,7,119,20,N,NA,Asad Rauf,AM Saheba
501219,Kolkata,20-04-2011,Match 21,DPMD Jayawardene,323,NULL,Eden Gardens,Kolkata Knight Riders,Kochi Tuskers Kerala,Kolkata Knight Riders,field,Kochi Tuskers Kerala,runs,6,133,20,N,NA,Aleem Dar,RB Tiffin
501220,Chandigarh,21-04-2011,Match 22,SE Marsh,533,NULL,"Punjab Cricket Association Stadium, Mohali",Kings XI Punjab,Rajasthan Royals,Rajasthan Royals,field,Kings XI Punjab,runs,48,196,20,N,NA,S Asnani,PR Reiffel
501221,Mumbai,22-04-2011,Match 23,Harbhajan Singh,NULL,136,Wankhede Stadium,Mumbai Indians,Chennai Super Kings,Chennai Super Kings,field,Mumbai Indians,runs,8,165,20,N,NA,Asad Rauf,AM Saheba
501222,Kolkata,22-04-2011,Match 24,CH Gayle,129,NULL,Eden Gardens,Kolkata Knight Riders,Royal Challengers Bangalore,Royal Challengers Bangalore,field,Royal Challengers Bangalore,wickets,9,172,20,N,NA,SS Hazare,RB Tiffin
501223,Delhi,23-04-2011,Match 25,DA Warner,154,NULL,Feroz Shah Kotla,Delhi Daredevils,Kings XI Punjab,Kings XI Punjab,field,Delhi Daredevils,runs,29,232,20,N,NA,S Asnani,RE Koertzen
501224,Hyderabad,24-04-2011,Match 26,SL Malinga,NULL,211,"Rajiv Gandhi International Stadium, Uppal",Deccan Chargers,Mumbai Indians,Deccan Chargers,field,Mumbai Indians,runs,37,173,20,N,NA,HDPK Dharmasena,AL Hill
501225,Jaipur,24-04-2011,Match 27,SK Warne,NULL,354,Sawai Mansingh Stadium,Rajasthan Royals,Kochi Tuskers Kerala,Rajasthan Royals,field,Rajasthan Royals,wickets,8,110,20,N,NA,BR Doctrove,SK Tarapore
501226,Chennai,25-04-2011,Match 28,MEK Hussey,351,NULL,"MA Chidambaram Stadium, Chepauk",Chennai Super Kings,Pune Warriors,Pune Warriors,field,Chennai Super Kings,runs,25,143,20,N,NA,Aleem Dar,RB Tiffin
501227,Delhi,26-04-2011,Match 29,V Kohli,635,NULL,Feroz Shah Kotla,Delhi Daredevils,Royal Challengers Bangalore,Royal Challengers Bangalore,field,Royal Challengers Bangalore,wickets,3,161,20,N,NA,S Asnani,RJ Tucker
501228,Mumbai,27-04-2011,Match 30,DE Bollinger,NULL,116,Dr DY Patil Sports Academy,Pune Warriors,Chennai Super Kings,Pune Warriors,bat,Chennai Super Kings,wickets,8,142,20,N,NA,Asad Rauf,SL Shastri
501229,Kochi,27-04-2011,Match 31,I Sharma,NULL,151,Nehru Stadium,Kochi Tuskers Kerala,Deccan Chargers,Kochi Tuskers Kerala,field,Deccan Chargers,runs,55,130,20,N,NA,HDPK Dharmasena,AL Hill
501230,Delhi,28-04-2011,Match 32,MK Tiwary,331,NULL,Feroz Shah Kotla,Delhi Daredevils,Kolkata Knight Riders,Delhi Daredevils,field,Kolkata Knight Riders,runs,17,149,20,N,NA,PR Reiffel,RJ Tucker
501231,Jaipur,29-04-2011,Match 33,J Botha,261,NULL,Sawai Mansingh Stadium,Rajasthan Royals,Mumbai Indians,Rajasthan Royals,field,Rajasthan Royals,wickets,7,95,20,N,NA,Asad Rauf,SK Tarapore
501232,Bangalore,29-04-2011,Match 34,V Kohli,635,NULL,M Chinnaswamy Stadium,Royal Challengers Bangalore,Pune Warriors,Pune Warriors,field,Royal Challengers Bangalore,runs,26,182,20,N,NA,Aleem Dar,SS Hazare
501233,Kochi,30-04-2011,Match 35,V Sehwag,637,NULL,Nehru Stadium,Kochi Tuskers Kerala,Delhi Daredevils,Delhi Daredevils,bat,Delhi Daredevils,runs,38,158,20,N,NA,HDPK Dharmasena,AL Hill
501234,Kolkata,30-04-2011,Match 36,Iqbal Abdulla,NULL,147,Eden Gardens,Kolkata Knight Riders,Kings XI Punjab,Kolkata Knight Riders,field,Kolkata Knight Riders,wickets,8,120,20,N,NA,AM Saheba,SL Shastri
501235,Jaipur,01-05-2011,Match 37,LRPL Taylor,486,NULL,Sawai Mansingh Stadium,Rajasthan Royals,Pune Warriors,Rajasthan Royals,field,Rajasthan Royals,wickets,6,144,20,N,NA,SK Tarapore,SJA Taufel
501236,Chennai,01-05-2011,Match 38,JA Morkel,NULL,22,"MA Chidambaram Stadium, Chepauk",Chennai Super Kings,Deccan Chargers,Chennai Super Kings,bat,Chennai Super Kings,runs,19,166,20,N,NA,Aleem Dar,RB Tiffin
501237,Mumbai,02-05-2011,Match 39,KA Pollard,291,NULL,Wankhede Stadium,Mumbai Indians,Kings XI Punjab,Kings XI Punjab,field,Mumbai Indians,runs,23,160,20,N,NA,HDPK Dharmasena,PR Reiffel
501238,Delhi,02-05-2011,Match 40,P Parameswaran,NULL,275,Feroz Shah Kotla,Delhi Daredevils,Kochi Tuskers Kerala,Kochi Tuskers Kerala,field,Kochi Tuskers Kerala,wickets,7,141,20,N,NA,Asad Rauf,SL Shastri
501239,Hyderabad,03-05-2011,Match 41,YK Pathan,658,NULL,"Rajiv Gandhi International Stadium, Uppal",Deccan Chargers,Kolkata Knight Riders,Deccan Chargers,field,Kolkata Knight Riders,runs,20,170,20,N,NA,S Asnani,RJ Tucker
501240,Chennai,04-05-2011,Match 42,MEK Hussey,351,NULL,"MA Chidambaram Stadium, Chepauk",Chennai Super Kings,Rajasthan Royals,Rajasthan Royals,bat,Chennai Super Kings,wickets,8,148,20,N,NA,SS Hazare,RB Tiffin
501241,Mumbai,04-05-2011,Match 43,R Sharma,444,NULL,Dr DY Patil Sports Academy,Pune Warriors,Mumbai Indians,Pune Warriors,field,Mumbai Indians,runs,21,161,20,N,NA,HDPK Dharmasena,SJA Taufel
501242,Kochi,05-05-2011,Match 44,BJ Hodge,113,NULL,Nehru Stadium,Kochi Tuskers Kerala,Kolkata Knight Riders,Kolkata Knight Riders,field,Kochi Tuskers Kerala,runs,17,157,20,N,NA,S Ravi,RJ Tucker
501243,Hyderabad,05-05-2011,Match 45,V Sehwag,637,NULL,"Rajiv Gandhi International Stadium, Uppal",Deccan Chargers,Delhi Daredevils,Delhi Daredevils,field,Delhi Daredevils,wickets,4,176,20,N,NA,Asad Rauf,AM Saheba
501244,Bangalore,06-05-2011,Match 46,CH Gayle,129,NULL,M Chinnaswamy Stadium,Royal Challengers Bangalore,Kings XI Punjab,Kings XI Punjab,field,Royal Challengers Bangalore,runs,85,206,20,N,NA,Aleem Dar,RB Tiffin
501245,Kolkata,07-05-2011,Match 47,Iqbal Abdulla,NULL,147,Eden Gardens,Kolkata Knight Riders,Chennai Super Kings,Chennai Super Kings,bat,Kolkata Knight Riders,runs,10,52,10,N,D/L,Asad Rauf,PR Reiffel
501246,Mumbai,07-05-2011,Match 48,AT Rayudu,44,NULL,Wankhede Stadium,Mumbai Indians,Delhi Daredevils,Delhi Daredevils,field,Mumbai Indians,runs,32,179,20,N,NA,K Hariharan,SJA Taufel
501247,Bangalore,08-05-2011,Match 49,CH Gayle,129,NULL,M Chinnaswamy Stadium,Royal Challengers Bangalore,Kochi Tuskers Kerala,Kochi Tuskers Kerala,bat,Royal Challengers Bangalore,wickets,9,126,20,N,NA,Aleem Dar,SS Hazare
501248,Chandigarh,08-05-2011,Match 50,R Sharma,444,NULL,"Punjab Cricket Association Stadium, Mohali",Kings XI Punjab,Pune Warriors,Kings XI Punjab,bat,Pune Warriors,wickets,5,120,20,N,NA,SK Tarapore,RJ Tucker
501249,Jaipur,09-05-2011,Match 51,M Vijay,381,NULL,Sawai Mansingh Stadium,Rajasthan Royals,Chennai Super Kings,Rajasthan Royals,field,Chennai Super Kings,runs,63,197,20,N,NA,K Hariharan,SJA Taufel
501250,Hyderabad,10-05-2011,Match 52,MR Marsh,356,NULL,"Rajiv Gandhi International Stadium, Uppal",Deccan Chargers,Pune Warriors,Deccan Chargers,bat,Pune Warriors,wickets,6,137,20,N,NA,Asad Rauf,AM Saheba
501251,Chandigarh,10-05-2011,Match 53,BA Bhatt,106,NULL,"Punjab Cricket Association Stadium, Mohali",Kings XI Punjab,Mumbai Indians,Mumbai Indians,field,Kings XI Punjab,runs,76,164,20,N,NA,SK Tarapore,RJ Tucker
501252,Jaipur,11-05-2011,Match 54,S Aravind,NULL,383,Sawai Mansingh Stadium,Rajasthan Royals,Royal Challengers Bangalore,Royal Challengers Bangalore,field,Royal Challengers Bangalore,wickets,9,147,20,N,NA,HDPK Dharmasena,K Hariharan
501253,Chennai,12-05-2011,Match 55,MS Dhoni,375,NULL,"MA Chidambaram Stadium, Chepauk",Chennai Super Kings,Delhi Daredevils,Chennai Super Kings,bat,Chennai Super Kings,runs,18,177,20,N,NA,AM Saheba,SL Shastri
501254,Indore,13-05-2011,Match 56,KD Karthik,172,NULL,Holkar Cricket Stadium,Kochi Tuskers Kerala,Kings XI Punjab,Kings XI Punjab,field,Kings XI Punjab,wickets,6,179,20,N,NA,S Asnani,RJ Tucker
501255,Bangalore,14-05-2011,Match 57,CH Gayle,129,NULL,M Chinnaswamy Stadium,Royal Challengers Bangalore,Kolkata Knight Riders,Royal Challengers Bangalore,field,Royal Challengers Bangalore,wickets,4,102,13,N,D/L,RE Koertzen,RB Tiffin
501256,Mumbai,14-05-2011,Match 58,A Mishra,45,NULL,Wankhede Stadium,Mumbai Indians,Deccan Chargers,Deccan Chargers,bat,Deccan Chargers,runs,10,136,20,N,NA,S Ravi,SK Tarapore
501257,Dharamsala,15-05-2011,Match 59,PP Chawla,NULL,286,Himachal Pradesh Cricket Association Stadium,Kings XI Punjab,Delhi Daredevils,Delhi Daredevils,field,Kings XI Punjab,runs,29,171,20,N,NA,Asad Rauf,SL Shastri
501258,Indore,15-05-2011,Match 60,BJ Hodge,113,NULL,Holkar Cricket Stadium,Kochi Tuskers Kerala,Rajasthan Royals,Kochi Tuskers Kerala,field,Kochi Tuskers Kerala,wickets,8,98,20,N,NA,PR Reiffel,RJ Tucker
501259,Mumbai,16-05-2011,Match 61,A Mishra,45,NULL,Dr DY Patil Sports Academy,Pune Warriors,Deccan Chargers,Deccan Chargers,field,Deccan Chargers,wickets,6,137,20,N,NA,S Ravi,SK Tarapore
501260,Dharamsala,17-05-2011,Match 62,AC Gilchrist,17,NULL,Himachal Pradesh Cricket Association Stadium,Kings XI Punjab,Royal Challengers Bangalore,Kings XI Punjab,bat,Kings XI Punjab,runs,111,233,20,N,NA,Asad Rauf,AM Saheba
501261,Chennai,18-05-2011,Match 63,WP Saha,648,NULL,"MA Chidambaram Stadium, Chepauk",Chennai Super Kings,Kochi Tuskers Kerala,Chennai Super Kings,bat,Chennai Super Kings,runs,11,153,20,N,NA,HDPK Dharmasena,RE Koertzen
501262,Mumbai,19-05-2011,Match 64,YK Pathan,658,NULL,Dr DY Patil Sports Academy,Pune Warriors,Kolkata Knight Riders,Kolkata Knight Riders,field,Kolkata Knight Riders,wickets,7,119,20,N,NA,S Ravi,SJA Taufel
501263,Mumbai,20-05-2011,Match 65,SR Watson,529,NULL,Wankhede Stadium,Mumbai Indians,Rajasthan Royals,Mumbai Indians,bat,Rajasthan Royals,wickets,10,134,20,N,NA,RE Koertzen,PR Reiffel
501264,Dharamsala,21-05-2011,Match 66,S Dhawan,539,NULL,Himachal Pradesh Cricket Association Stadium,Kings XI Punjab,Deccan Chargers,Kings XI Punjab,field,Deccan Chargers,runs,82,199,20,N,NA,Asad Rauf,AM Saheba
501265,Delhi,21-05-2011,Match 67,NA,NULL,NULL,Feroz Shah Kotla,Delhi Daredevils,Pune Warriors,Delhi Daredevils,bat,NA,no result,NA,NA,NA,N,NA,SS Hazare,RJ Tucker
501266,Bangalore,22-05-2011,Match 68,CH Gayle,129,NULL,M Chinnaswamy Stadium,Royal Challengers Bangalore,Chennai Super Kings,Royal Challengers Bangalore,field,Royal Challengers Bangalore,wickets,8,129,20,N,NA,K Hariharan,RE Koertzen
501267,Kolkata,22-05-2011,Match 69,JEC Franklin,239,NULL,Eden Gardens,Kolkata Knight Riders,Mumbai Indians,Mumbai Indians,field,Mumbai Indians,wickets,5,176,20,N,NA,SK Tarapore,SJA Taufel
501268,Mumbai,24-05-2011,Qualifier 1,SK Raina,584,NULL,Wankhede Stadium,Royal Challengers Bangalore,Chennai Super Kings,Chennai Super Kings,field,Chennai Super Kings,wickets,6,176,20,N,NA,Asad Rauf,SJA Taufel
501269,Mumbai,25-05-2011,Elimination Final,MM Patel,NULL,253,Wankhede Stadium,Mumbai Indians,Kolkata Knight Riders,Mumbai Indians,field,Mumbai Indians,wickets,4,148,20,N,NA,Asad Rauf,SJA Taufel
501270,Chennai,27-05-2011,Qualifier 2,CH Gayle,129,NULL,"MA Chidambaram Stadium, Chepauk",Royal Challengers Bangalore,Mumbai Indians,Mumbai Indians,field,Royal Challengers Bangalore,runs,43,186,20,N,NA,Asad Rauf,SJA Taufel
501271,Chennai,28-05-2011,Final,M Vijay,381,NULL,"MA Chidambaram Stadium, Chepauk",Chennai Super Kings,Royal Challengers Bangalore,Chennai Super Kings,bat,Chennai Super Kings,runs,58,206,20,N,NA,Asad Rauf,SJA Taufel
548306,Chennai,04-04-2012,Match 1,RE Levi,468,NULL,"MA Chidambaram Stadium, Chepauk",Chennai Super Kings,Mumbai Indians,Mumbai Indians,field,Mumbai Indians,wickets,8,113,20,N,NA,JD Cloete,SJA Taufel
548307,Kolkata,05-04-2012,Match 2,IK Pathan,225,NULL,Eden Gardens,Kolkata Knight Riders,Delhi Daredevils,Delhi Daredevils,field,Delhi Daredevils,wickets,8,98,12,N,NA,S Asnani,HDPK Dharmasena
548308,Mumbai,06-04-2012,Match 3,SPD Smith,573,NULL,Wankhede Stadium,Mumbai Indians,Pune Warriors,Mumbai Indians,field,Pune Warriors,runs,28,130,20,N,NA,AK Chaudhary,SJA Taufel
548309,Jaipur,06-04-2012,Match 4,AM Rahane,28,NULL,Sawai Mansingh Stadium,Rajasthan Royals,Kings XI Punjab,Kings XI Punjab,field,Rajasthan Royals,runs,31,192,20,N,NA,BF Bowden,SK Tarapore
548310,Bangalore,07-04-2012,Match 5,AB de Villiers,3,NULL,M Chinnaswamy Stadium,Royal Challengers Bangalore,Delhi Daredevils,Delhi Daredevils,field,Royal Challengers Bangalore,runs,20,158,20,N,NA,S Asnani,S Ravi
548311,Visakhapatnam,07-04-2012,Match 6,RA Jadeja,NULL,313,Dr. Y.S. Rajasekhara Reddy ACA-VDCA Cricket Stadium,Deccan Chargers,Chennai Super Kings,Deccan Chargers,field,Chennai Super Kings,runs,74,194,20,N,NA,JD Cloete,HDPK Dharmasena
548312,Jaipur,08-04-2012,Match 7,BJ Hodge,113,NULL,Sawai Mansingh Stadium,Rajasthan Royals,Kolkata Knight Riders,Kolkata Knight Riders,field,Rajasthan Royals,runs,22,165,20,N,NA,BF Bowden,VA Kulkarni
548313,Pune,08-04-2012,Match 8,MN Samuels,340,NULL,Subrata Roy Sahara Stadium,Pune Warriors,Kings XI Punjab,Pune Warriors,bat,Pune Warriors,runs,22,167,20,N,NA,S Das,SJA Taufel
548314,Visakhapatnam,09-04-2012,Match 9,RG Sharma,483,NULL,Dr. Y.S. Rajasekhara Reddy ACA-VDCA Cricket Stadium,Deccan Chargers,Mumbai Indians,Deccan Chargers,bat,Mumbai Indians,wickets,5,139,20,N,NA,AK Chaudhary,JD Cloete
548315,Bangalore,10-04-2012,Match 10,L Balaji,NULL,209,M Chinnaswamy Stadium,Royal Challengers Bangalore,Kolkata Knight Riders,Royal Challengers Bangalore,field,Kolkata Knight Riders,runs,42,166,20,N,NA,S Ravi,RJ Tucker
548316,Delhi,10-04-2012,Match 11,M Morkel,NULL,249,Feroz Shah Kotla,Delhi Daredevils,Chennai Super Kings,Delhi Daredevils,field,Delhi Daredevils,wickets,8,111,20,N,NA,Asad Rauf,SK Tarapore
548317,Mumbai,11-04-2012,Match 12,KA Pollard,291,NULL,Wankhede Stadium,Mumbai Indians,Rajasthan Royals,Rajasthan Royals,field,Mumbai Indians,runs,27,198,20,N,NA,Aleem Dar,BNJ Oxenford
548318,Chennai,12-04-2012,Match 13,F du Plessis,191,NULL,"MA Chidambaram Stadium, Chepauk",Chennai Super Kings,Royal Challengers Bangalore,Royal Challengers Bangalore,bat,Chennai Super Kings,wickets,5,206,20,N,NA,HDPK Dharmasena,RJ Tucker
548319,Chandigarh,12-04-2012,Match 14,AD Mascarenhas,171,NULL,"Punjab Cricket Association Stadium, Mohali",Kings XI Punjab,Pune Warriors,Kings XI Punjab,field,Kings XI Punjab,wickets,7,116,20,N,NA,VA Kulkarni,SK Tarapore
548320,Kolkata,13-04-2012,Match 15,Shakib Al Hasan,523,NULL,Eden Gardens,Kolkata Knight Riders,Rajasthan Royals,Rajasthan Royals,bat,Kolkata Knight Riders,wickets,5,132,20,N,NA,Asad Rauf,S Asnani
548321,Delhi,19-04-2012,Match 16,KP Pietersen,288,NULL,Feroz Shah Kotla,Delhi Daredevils,Deccan Chargers,Deccan Chargers,bat,Delhi Daredevils,wickets,5,158,20,N,NA,BF Bowden,SK Tarapore
548322,Pune,14-04-2012,Match 17,JD Ryder,252,NULL,Subrata Roy Sahara Stadium,Pune Warriors,Chennai Super Kings,Chennai Super Kings,bat,Pune Warriors,wickets,7,156,20,N,NA,Aleem Dar,BNJ Oxenford
548323,Kolkata,15-04-2012,Match 18,SP Narine,NULL,387,Eden Gardens,Kolkata Knight Riders,Kings XI Punjab,Kolkata Knight Riders,field,Kings XI Punjab,runs,2,135,20,N,NA,Asad Rauf,S Asnani
548324,Bangalore,15-04-2012,Match 19,AM Rahane,28,NULL,M Chinnaswamy Stadium,Royal Challengers Bangalore,Rajasthan Royals,Rajasthan Royals,bat,Rajasthan Royals,runs,59,196,20,N,NA,JD Cloete,RJ Tucker
548325,Mumbai,16-04-2012,Match 20,S Nadeem,NULL,348,Wankhede Stadium,Mumbai Indians,Delhi Daredevils,Delhi Daredevils,field,Delhi Daredevils,wickets,7,93,20,N,NA,BF Bowden,SK Tarapore
548326,Jaipur,17-04-2012,Match 21,BJ Hodge,113,NULL,Sawai Mansingh Stadium,Rajasthan Royals,Deccan Chargers,Deccan Chargers,bat,Rajasthan Royals,wickets,5,197,20,N,NA,Aleem Dar,BNJ Oxenford
548327,Bangalore,17-04-2012,Match 22,CH Gayle,129,NULL,M Chinnaswamy Stadium,Royal Challengers Bangalore,Pune Warriors,Pune Warriors,bat,Royal Challengers Bangalore,wickets,6,183,20,N,NA,S Asnani,S Das
548328,Chandigarh,18-04-2012,Match 23,G Gambhir,195,NULL,"Punjab Cricket Association Stadium, Mohali",Kings XI Punjab,Kolkata Knight Riders,Kings XI Punjab,bat,Kolkata Knight Riders,wickets,8,125,20,N,NA,JD Cloete,RJ Tucker
548329,Hyderabad,10-05-2012,Match 24,DA Warner,154,NULL,"Rajiv Gandhi International Stadium, Uppal",Deccan Chargers,Delhi Daredevils,Deccan Chargers,bat,Delhi Daredevils,wickets,9,188,20,N,NA,JD Cloete,SJA Taufel
548330,Chennai,19-04-2012,Match 25,KMDN Kulasekara,NULL,269,"MA Chidambaram Stadium, Chepauk",Chennai Super Kings,Pune Warriors,Pune Warriors,field,Chennai Super Kings,runs,13,165,20,N,NA,Asad Rauf,S Das
548331,Chandigarh,20-04-2012,Match 26,CH Gayle,129,NULL,"Punjab Cricket Association Stadium, Mohali",Kings XI Punjab,Royal Challengers Bangalore,Royal Challengers Bangalore,field,Royal Challengers Bangalore,wickets,5,164,20,N,NA,S Ravi,RJ Tucker
548332,Chennai,21-04-2012,Match 27,F du Plessis,191,NULL,"MA Chidambaram Stadium, Chepauk",Chennai Super Kings,Rajasthan Royals,Rajasthan Royals,bat,Chennai Super Kings,wickets,7,147,20,N,NA,Aleem Dar,BNJ Oxenford
548333,Delhi,21-04-2012,Match 28,SC Ganguly,566,NULL,Feroz Shah Kotla,Delhi Daredevils,Pune Warriors,Delhi Daredevils,field,Pune Warriors,runs,20,193,20,N,NA,Asad Rauf,S Das
548334,Mumbai,22-04-2012,Match 29,SE Marsh,533,NULL,Wankhede Stadium,Mumbai Indians,Kings XI Punjab,Mumbai Indians,bat,Kings XI Punjab,wickets,6,164,20,N,NA,S Ravi,RJ Tucker
548335,Cuttack,22-04-2012,Match 30,B Lee,NULL,76,Barabati Stadium,Deccan Chargers,Kolkata Knight Riders,Kolkata Knight Riders,field,Kolkata Knight Riders,wickets,5,127,20,N,NA,BF Bowden,SK Tarapore
548336,Jaipur,23-04-2012,Match 31,AB de Villiers,3,NULL,Sawai Mansingh Stadium,Rajasthan Royals,Royal Challengers Bangalore,Rajasthan Royals,field,Royal Challengers Bangalore,runs,46,190,20,N,NA,Asad Rauf,S Asnani
548337,Pune,24-04-2012,Match 32,V Sehwag,637,NULL,Subrata Roy Sahara Stadium,Pune Warriors,Delhi Daredevils,Pune Warriors,bat,Delhi Daredevils,wickets,8,147,20,N,NA,S Ravi,RJ Tucker
548339,Chandigarh,25-04-2012,Match 33,AT Rayudu,44,NULL,"Punjab Cricket Association Stadium, Mohali",Kings XI Punjab,Mumbai Indians,Kings XI Punjab,bat,Mumbai Indians,wickets,4,169,20,N,NA,Aleem Dar,BNJ Oxenford
548341,Pune,26-04-2012,Match 34,CL White,119,NULL,Subrata Roy Sahara Stadium,Pune Warriors,Deccan Chargers,Deccan Chargers,bat,Deccan Chargers,runs,18,178,20,N,NA,S Ravi,RJ Tucker
548342,Delhi,27-04-2012,Match 35,V Sehwag,637,NULL,Feroz Shah Kotla,Delhi Daredevils,Mumbai Indians,Mumbai Indians,field,Delhi Daredevils,runs,37,208,20,N,NA,Aleem Dar,BNJ Oxenford
548343,Chennai,28-04-2012,Match 36,Mandeep Singh,329,NULL,"MA Chidambaram Stadium, Chepauk",Chennai Super Kings,Kings XI Punjab,Kings XI Punjab,bat,Kings XI Punjab,runs,7,157,20,N,NA,BF Bowden,SK Tarapore
548344,Kolkata,28-04-2012,Match 37,G Gambhir,195,NULL,Eden Gardens,Kolkata Knight Riders,Royal Challengers Bangalore,Kolkata Knight Riders,bat,Kolkata Knight Riders,runs,47,191,20,N,NA,Asad Rauf,BR Doctrove
548345,Delhi,29-04-2012,Match 38,V Sehwag,637,NULL,Feroz Shah Kotla,Delhi Daredevils,Rajasthan Royals,Delhi Daredevils,bat,Delhi Daredevils,runs,1,153,20,N,NA,S Ravi,RJ Tucker
548346,Mumbai,29-04-2012,Match 39,DW Steyn,NULL,95,Wankhede Stadium,Mumbai Indians,Deccan Chargers,Mumbai Indians,field,Mumbai Indians,wickets,5,101,20,N,NA,AK Chaudhary,BNJ Oxenford
548347,Chennai,30-04-2012,Match 40,G Gambhir,195,NULL,"MA Chidambaram Stadium, Chepauk",Chennai Super Kings,Kolkata Knight Riders,Chennai Super Kings,bat,Kolkata Knight Riders,wickets,5,140,20,N,NA,BF Bowden,C Shamshuddin
548348,Cuttack,01-05-2012,Match 41,KC Sangakkara,301,NULL,Barabati Stadium,Deccan Chargers,Pune Warriors,Deccan Chargers,bat,Deccan Chargers,runs,13,187,20,N,NA,Aleem Dar,AK Chaudhary
548349,Jaipur,01-05-2012,Match 42,P Negi,NULL,284,Sawai Mansingh Stadium,Rajasthan Royals,Delhi Daredevils,Rajasthan Royals,bat,Delhi Daredevils,wickets,6,142,20,N,NA,JD Cloete,SJA Taufel
548350,Bangalore,02-05-2012,Match 43,Azhar Mahmood,91,NULL,M Chinnaswamy Stadium,Royal Challengers Bangalore,Kings XI Punjab,Kings XI Punjab,field,Kings XI Punjab,wickets,4,159,20,N,NA,BF Bowden,C Shamshuddin
548351,Pune,03-05-2012,Match 44,SL Malinga,NULL,211,Subrata Roy Sahara Stadium,Pune Warriors,Mumbai Indians,Mumbai Indians,bat,Mumbai Indians,runs,1,121,20,N,NA,Asad Rauf,S Asnani
548352,Chennai,04-05-2012,Match 45,SK Raina,584,NULL,"MA Chidambaram Stadium, Chepauk",Chennai Super Kings,Deccan Chargers,Chennai Super Kings,bat,Chennai Super Kings,runs,10,161,20,N,NA,HDPK Dharmasena,BNJ Oxenford
548353,Kolkata,05-05-2012,Match 46,SP Narine,NULL,387,Eden Gardens,Kolkata Knight Riders,Pune Warriors,Kolkata Knight Riders,bat,Kolkata Knight Riders,runs,7,151,20,N,NA,BF Bowden,SK Tarapore
548354,Chandigarh,05-05-2012,Match 47,SR Watson,529,NULL,"Punjab Cricket Association Stadium, Mohali",Kings XI Punjab,Rajasthan Royals,Rajasthan Royals,bat,Rajasthan Royals,runs,43,178,20,N,NA,JD Cloete,SJA Taufel
548355,Mumbai,06-05-2012,Match 48,DR Smith,186,NULL,Wankhede Stadium,Mumbai Indians,Chennai Super Kings,Mumbai Indians,field,Mumbai Indians,wickets,2,174,20,N,NA,Asad Rauf,S Asnani
548356,Bangalore,06-05-2012,Match 49,AB de Villiers,3,NULL,M Chinnaswamy Stadium,Royal Challengers Bangalore,Deccan Chargers,Royal Challengers Bangalore,field,Royal Challengers Bangalore,wickets,5,182,20,N,NA,HDPK Dharmasena,BNJ Oxenford
548357,Delhi,07-05-2012,Match 50,JH Kallis,233,NULL,Feroz Shah Kotla,Delhi Daredevils,Kolkata Knight Riders,Delhi Daredevils,bat,Kolkata Knight Riders,wickets,6,154,20,N,NA,JD Cloete,S Ravi
548358,Pune,08-05-2012,Match 51,SR Watson,529,NULL,Subrata Roy Sahara Stadium,Pune Warriors,Rajasthan Royals,Pune Warriors,bat,Rajasthan Royals,wickets,7,126,20,N,NA,Asad Rauf,BR Doctrove
548359,Hyderabad,08-05-2012,Match 52,Mandeep Singh,329,NULL,"Rajiv Gandhi International Stadium, Uppal",Deccan Chargers,Kings XI Punjab,Deccan Chargers,field,Kings XI Punjab,runs,25,171,20,N,NA,HDPK Dharmasena,BNJ Oxenford
548360,Mumbai,09-05-2012,Match 53,CH Gayle,129,NULL,Wankhede Stadium,Mumbai Indians,Royal Challengers Bangalore,Royal Challengers Bangalore,field,Royal Challengers Bangalore,wickets,9,142,20,N,NA,BF Bowden,VA Kulkarni
548361,Jaipur,10-05-2012,Match 54,BW Hilfenhaus,NULL,65,Sawai Mansingh Stadium,Rajasthan Royals,Chennai Super Kings,Chennai Super Kings,field,Chennai Super Kings,wickets,4,127,20,N,NA,BNJ Oxenford,C Shamshuddin
548362,Pune,11-05-2012,Match 55,CH Gayle,129,NULL,Subrata Roy Sahara Stadium,Pune Warriors,Royal Challengers Bangalore,Pune Warriors,field,Royal Challengers Bangalore,runs,35,174,20,N,NA,BF Bowden,SK Tarapore
548363,Kolkata,12-05-2012,Match 56,RG Sharma,483,NULL,Eden Gardens,Kolkata Knight Riders,Mumbai Indians,Mumbai Indians,bat,Mumbai Indians,runs,27,183,20,N,NA,S Ravi,SJA Taufel
548364,Chennai,12-05-2012,Match 57,BW Hilfenhaus,NULL,65,"MA Chidambaram Stadium, Chepauk",Chennai Super Kings,Delhi Daredevils,Chennai Super Kings,field,Chennai Super Kings,wickets,9,115,20,N,NA,S Das,BR Doctrove
548365,Jaipur,13-05-2012,Match 58,A Chandila,NULL,16,Sawai Mansingh Stadium,Rajasthan Royals,Pune Warriors,Rajasthan Royals,bat,Rajasthan Royals,runs,45,171,20,N,NA,BF Bowden,SK Tarapore
548366,Chandigarh,13-05-2012,Match 59,DJ Hussey,152,NULL,"Punjab Cricket Association Stadium, Mohali",Kings XI Punjab,Deccan Chargers,Deccan Chargers,bat,Kings XI Punjab,wickets,4,191,20,N,NA,HDPK Dharmasena,BNJ Oxenford
548367,Bangalore,14-05-2012,Match 60,AT Rayudu,44,NULL,M Chinnaswamy Stadium,Royal Challengers Bangalore,Mumbai Indians,Mumbai Indians,field,Mumbai Indians,wickets,5,172,20,N,NA,S Das,BR Doctrove
548368,Kolkata,14-05-2012,Match 61,MEK Hussey,351,NULL,Eden Gardens,Kolkata Knight Riders,Chennai Super Kings,Chennai Super Kings,field,Chennai Super Kings,wickets,5,159,20,N,NA,JD Cloete,SJA Taufel
548369,Delhi,15-05-2012,Match 62,UT Yadav,NULL,415,Feroz Shah Kotla,Delhi Daredevils,Kings XI Punjab,Kings XI Punjab,bat,Delhi Daredevils,wickets,5,137,20,N,NA,HDPK Dharmasena,BNJ Oxenford
548370,Mumbai,16-05-2012,Match 63,SP Narine,NULL,387,Wankhede Stadium,Mumbai Indians,Kolkata Knight Riders,Mumbai Indians,field,Kolkata Knight Riders,runs,32,141,20,N,NA,S Das,BR Doctrove
548371,Dharamsala,17-05-2012,Match 64,AC Gilchrist,17,NULL,Himachal Pradesh Cricket Association Stadium,Kings XI Punjab,Chennai Super Kings,Kings XI Punjab,field,Kings XI Punjab,wickets,6,121,20,N,NA,VA Kulkarni,SK Tarapore
548372,Delhi,17-05-2012,Match 65,CH Gayle,129,NULL,Feroz Shah Kotla,Delhi Daredevils,Royal Challengers Bangalore,Delhi Daredevils,field,Royal Challengers Bangalore,runs,21,216,20,N,NA,HDPK Dharmasena,C Shamshuddin
548373,Hyderabad,18-05-2012,Match 66,DW Steyn,NULL,95,"Rajiv Gandhi International Stadium, Uppal",Deccan Chargers,Rajasthan Royals,Rajasthan Royals,bat,Deccan Chargers,wickets,5,127,20,N,NA,S Ravi,SJA Taufel
548374,Dharamsala,19-05-2012,Match 67,UT Yadav,NULL,415,Himachal Pradesh Cricket Association Stadium,Kings XI Punjab,Delhi Daredevils,Delhi Daredevils,field,Delhi Daredevils,wickets,6,142,20,N,NA,BF Bowden,VA Kulkarni
548375,Pune,19-05-2012,Match 68,Shakib Al Hasan,523,NULL,Subrata Roy Sahara Stadium,Pune Warriors,Kolkata Knight Riders,Kolkata Knight Riders,bat,Kolkata Knight Riders,runs,34,137,20,N,NA,S Asnani,BR Doctrove
548376,Hyderabad,20-05-2012,Match 69,DW Steyn,NULL,95,"Rajiv Gandhi International Stadium, Uppal",Deccan Chargers,Royal Challengers Bangalore,Royal Challengers Bangalore,field,Deccan Chargers,runs,9,133,20,N,NA,S Ravi,SJA Taufel
548377,Jaipur,20-05-2012,Match 70,DR Smith,186,NULL,Sawai Mansingh Stadium,Rajasthan Royals,Mumbai Indians,Rajasthan Royals,bat,Mumbai Indians,wickets,10,163,20,N,NA,HDPK Dharmasena,C Shamshuddin
548378,Pune,22-05-2012,Qualifier 1,YK Pathan,658,NULL,Subrata Roy Sahara Stadium,Delhi Daredevils,Kolkata Knight Riders,Kolkata Knight Riders,bat,Kolkata Knight Riders,runs,18,163,20,N,NA,BR Doctrove,SJA Taufel
548379,Bangalore,23-05-2012,Elimination Final,MS Dhoni,375,NULL,M Chinnaswamy Stadium,Chennai Super Kings,Mumbai Indians,Mumbai Indians,field,Chennai Super Kings,runs,38,188,20,N,NA,BF Bowden,HDPK Dharmasena
548380,Chennai,25-05-2012,Qualifier 2,M Vijay,381,NULL,"MA Chidambaram Stadium, Chepauk",Delhi Daredevils,Chennai Super Kings,Delhi Daredevils,field,Chennai Super Kings,runs,86,223,20,N,NA,BR Doctrove,SJA Taufel
548381,Chennai,27-05-2012,Final,MS Bisla,334,NULL,"MA Chidambaram Stadium, Chepauk",Kolkata Knight Riders,Chennai Super Kings,Chennai Super Kings,bat,Kolkata Knight Riders,wickets,5,191,20,N,NA,BF Bowden,SJA Taufel
597998,Kolkata,03-04-2013,Match 1,SP Narine,NULL,387,Eden Gardens,Kolkata Knight Riders,Delhi Daredevils,Kolkata Knight Riders,field,Kolkata Knight Riders,wickets,6,129,20,N,NA,S Ravi,SJA Taufel
597999,Bangalore,04-04-2013,Match 2,CH Gayle,129,NULL,M Chinnaswamy Stadium,Royal Challengers Bangalore,Mumbai Indians,Mumbai Indians,field,Royal Challengers Bangalore,runs,2,157,20,N,NA,VA Kulkarni,C Shamshuddin
598000,Hyderabad,05-04-2013,Match 3,A Mishra,45,NULL,"Rajiv Gandhi International Stadium, Uppal",Sunrisers Hyderabad,Pune Warriors,Pune Warriors,field,Sunrisers Hyderabad,runs,22,127,20,N,NA,S Ravi,SJA Taufel
598001,Delhi,06-04-2013,Match 4,R Dravid,443,NULL,Feroz Shah Kotla,Delhi Daredevils,Rajasthan Royals,Rajasthan Royals,bat,Rajasthan Royals,runs,5,166,20,N,NA,S Das,C Shamshuddin
598002,Chennai,06-04-2013,Match 5,KA Pollard,291,NULL,"MA Chidambaram Stadium, Chepauk",Chennai Super Kings,Mumbai Indians,Mumbai Indians,bat,Mumbai Indians,runs,9,149,20,N,NA,M Erasmus,VA Kulkarni
598003,Pune,07-04-2013,Match 6,M Vohra,327,NULL,Subrata Roy Sahara Stadium,Pune Warriors,Kings XI Punjab,Pune Warriors,bat,Kings XI Punjab,wickets,8,100,20,N,NA,S Asnani,SJA Taufel
598004,Hyderabad,07-04-2013,Match 7,GH Vihari,207,NULL,"Rajiv Gandhi International Stadium, Uppal",Sunrisers Hyderabad,Royal Challengers Bangalore,Royal Challengers Bangalore,bat,Sunrisers Hyderabad,tie,NA,131,20,Y,NA,AK Chaudhary,S Ravi
598005,Jaipur,08-04-2013,Match 8,SK Trivedi,559,NULL,Sawai Mansingh Stadium,Rajasthan Royals,Kolkata Knight Riders,Kolkata Knight Riders,field,Rajasthan Royals,runs,19,145,20,N,NA,Aleem Dar,S Das
598006,Mumbai,09-04-2013,Match 9,KD Karthik,172,NULL,Wankhede Stadium,Mumbai Indians,Delhi Daredevils,Mumbai Indians,bat,Mumbai Indians,runs,44,210,20,N,NA,M Erasmus,VA Kulkarni
598007,Chandigarh,10-04-2013,Match 10,MEK Hussey,351,NULL,"Punjab Cricket Association Stadium, Mohali",Kings XI Punjab,Chennai Super Kings,Chennai Super Kings,field,Chennai Super Kings,wickets,10,139,20,N,NA,Aleem Dar,C Shamshuddin
598008,Bangalore,11-04-2013,Match 11,CH Gayle,129,NULL,M Chinnaswamy Stadium,Royal Challengers Bangalore,Kolkata Knight Riders,Royal Challengers Bangalore,field,Royal Challengers Bangalore,wickets,8,155,20,N,NA,Asad Rauf,AK Chaudhary
598009,Pune,11-04-2013,Match 12,AJ Finch,2,NULL,Subrata Roy Sahara Stadium,Pune Warriors,Rajasthan Royals,Rajasthan Royals,bat,Pune Warriors,wickets,7,146,20,N,NA,M Erasmus,K Srinath
598010,Delhi,12-04-2013,Match 13,A Mishra,45,NULL,Feroz Shah Kotla,Delhi Daredevils,Sunrisers Hyderabad,Delhi Daredevils,bat,Sunrisers Hyderabad,wickets,3,115,20,N,NA,Aleem Dar,Subroto Das
598011,Mumbai,13-04-2013,Match 14,RG Sharma,483,NULL,Wankhede Stadium,Mumbai Indians,Pune Warriors,Mumbai Indians,bat,Mumbai Indians,runs,41,184,20,N,NA,S Ravi,SJA Taufel
598012,Chennai,13-04-2013,Match 15,RA Jadeja,NULL,313,"MA Chidambaram Stadium, Chepauk",Chennai Super Kings,Royal Challengers Bangalore,Chennai Super Kings,field,Chennai Super Kings,wickets,4,166,20,N,NA,Asad Rauf,AK Chaudhary
598013,Kolkata,14-04-2013,Match 16,G Gambhir,195,NULL,Eden Gardens,Kolkata Knight Riders,Sunrisers Hyderabad,Kolkata Knight Riders,bat,Kolkata Knight Riders,runs,48,181,20,N,NA,M Erasmus,VA Kulkarni
598014,Jaipur,14-04-2013,Match 17,JP Faulkner,238,NULL,Sawai Mansingh Stadium,Rajasthan Royals,Kings XI Punjab,Rajasthan Royals,field,Rajasthan Royals,wickets,6,125,20,N,NA,Aleem Dar,C Shamshuddin
598015,Chennai,15-04-2013,Match 18,SPD Smith,573,NULL,"MA Chidambaram Stadium, Chepauk",Chennai Super Kings,Pune Warriors,Pune Warriors,bat,Pune Warriors,runs,24,160,20,N,NA,Asad Rauf,AK Chaudhary
598016,Chandigarh,16-04-2013,Match 19,MS Gony,NULL,228,"Punjab Cricket Association Stadium, Mohali",Kings XI Punjab,Kolkata Knight Riders,Kolkata Knight Riders,field,Kings XI Punjab,runs,4,158,20,N,NA,CK Nandan,SJA Taufel
598017,Bangalore,16-04-2013,Match 20,V Kohli,635,NULL,M Chinnaswamy Stadium,Royal Challengers Bangalore,Delhi Daredevils,Royal Challengers Bangalore,field,Royal Challengers Bangalore,tie,NA,153,20,Y,NA,M Erasmus,VA Kulkarni
598018,Pune,17-04-2013,Match 21,A Mishra,45,NULL,Maharashtra Cricket Association Stadium,Pune Warriors,Sunrisers Hyderabad,Pune Warriors,field,Sunrisers Hyderabad,runs,11,120,20,N,NA,Asad Rauf,AK Chaudhary
598019,Jaipur,17-04-2013,Match 22,AM Rahane,28,NULL,Sawai Mansingh Stadium,Rajasthan Royals,Mumbai Indians,Rajasthan Royals,bat,Rajasthan Royals,runs,87,180,20,N,NA,Aleem Dar,C Shamshuddin
598020,Delhi,18-04-2013,Match 23,MEK Hussey,351,NULL,Feroz Shah Kotla,Delhi Daredevils,Chennai Super Kings,Chennai Super Kings,bat,Chennai Super Kings,runs,86,170,20,N,NA,M Erasmus,VA Kulkarni
598021,Hyderabad,19-04-2013,Match 24,GH Vihari,207,NULL,"Rajiv Gandhi International Stadium, Uppal",Sunrisers Hyderabad,Kings XI Punjab,Kings XI Punjab,bat,Sunrisers Hyderabad,wickets,5,124,20,N,NA,HDPK Dharmasena,CK Nandan
598022,Kolkata,20-04-2013,Match 25,RA Jadeja,NULL,313,Eden Gardens,Kolkata Knight Riders,Chennai Super Kings,Kolkata Knight Riders,bat,Chennai Super Kings,wickets,4,120,20,N,NA,Asad Rauf,AK Chaudhary
598023,Bangalore,20-04-2013,Match 26,R Vinay Kumar,NULL,429,M Chinnaswamy Stadium,Royal Challengers Bangalore,Rajasthan Royals,Royal Challengers Bangalore,field,Royal Challengers Bangalore,wickets,7,118,20,N,NA,Aleem Dar,C Shamshuddin
598024,Delhi,21-04-2013,Match 27,V Sehwag,637,NULL,Feroz Shah Kotla,Delhi Daredevils,Mumbai Indians,Mumbai Indians,bat,Delhi Daredevils,wickets,9,162,20,N,NA,HDPK Dharmasena,S Ravi
598025,Chandigarh,21-04-2013,Match 28,DA Miller,153,NULL,"Punjab Cricket Association Stadium, Mohali",Kings XI Punjab,Pune Warriors,Kings XI Punjab,field,Kings XI Punjab,wickets,7,186,20,N,NA,M Erasmus,K Srinath
598026,Chennai,22-04-2013,Match 29,MEK Hussey,351,NULL,"MA Chidambaram Stadium, Chepauk",Chennai Super Kings,Rajasthan Royals,Rajasthan Royals,bat,Chennai Super Kings,wickets,5,186,20,N,NA,S Asnani,AK Chaudhary
598027,Bangalore,23-04-2013,Match 30,CH Gayle,129,NULL,M Chinnaswamy Stadium,Royal Challengers Bangalore,Pune Warriors,Pune Warriors,field,Royal Challengers Bangalore,runs,130,264,20,N,NA,Aleem Dar,C Shamshuddin
598028,Dharamsala,16-05-2013,Match 31,DA Miller,153,NULL,Himachal Pradesh Cricket Association Stadium,Kings XI Punjab,Delhi Daredevils,Delhi Daredevils,field,Kings XI Punjab,runs,7,172,20,N,NA,HDPK Dharmasena,S Ravi
598029,Kolkata,24-04-2013,Match 32,DR Smith,186,NULL,Eden Gardens,Kolkata Knight Riders,Mumbai Indians,Kolkata Knight Riders,bat,Mumbai Indians,wickets,5,160,20,N,NA,HDPK Dharmasena,S Ravi
598030,Chennai,25-04-2013,Match 33,MS Dhoni,375,NULL,"MA Chidambaram Stadium, Chepauk",Chennai Super Kings,Sunrisers Hyderabad,Sunrisers Hyderabad,bat,Chennai Super Kings,wickets,5,160,20,N,NA,Aleem Dar,S Das
598031,Kolkata,26-04-2013,Match 34,JH Kallis,233,NULL,Eden Gardens,Kolkata Knight Riders,Kings XI Punjab,Kings XI Punjab,bat,Kolkata Knight Riders,wickets,6,150,20,N,NA,CK Nandan,S Ravi
598032,Jaipur,27-04-2013,Match 35,JP Faulkner,238,NULL,Sawai Mansingh Stadium,Rajasthan Royals,Sunrisers Hyderabad,Sunrisers Hyderabad,bat,Rajasthan Royals,wickets,8,145,20,N,NA,VA Kulkarni,K Srinath
598033,Mumbai,27-04-2013,Match 36,DR Smith,186,NULL,Wankhede Stadium,Mumbai Indians,Royal Challengers Bangalore,Mumbai Indians,bat,Mumbai Indians,runs,58,195,20,N,NA,Asad Rauf,S Asnani
598034,Chennai,28-04-2013,Match 37,MEK Hussey,351,NULL,"MA Chidambaram Stadium, Chepauk",Chennai Super Kings,Kolkata Knight Riders,Kolkata Knight Riders,field,Chennai Super Kings,runs,14,201,20,N,NA,Aleem Dar,SJA Taufel
598035,Raipur,28-04-2013,Match 38,DA Warner,154,NULL,Shaheed Veer Narayan Singh International Stadium,Delhi Daredevils,Pune Warriors,Pune Warriors,field,Delhi Daredevils,runs,15,165,20,N,NA,CK Nandan,S Ravi
598036,Jaipur,29-04-2013,Match 39,SV Samson,510,NULL,Sawai Mansingh Stadium,Rajasthan Royals,Royal Challengers Bangalore,Rajasthan Royals,field,Rajasthan Royals,wickets,4,172,20,N,NA,M Erasmus,K Srinath
598037,Mumbai,29-04-2013,Match 40,RG Sharma,483,NULL,Wankhede Stadium,Mumbai Indians,Kings XI Punjab,Mumbai Indians,bat,Mumbai Indians,runs,4,175,20,N,NA,Asad Rauf,AK Chaudhary
598038,Pune,30-04-2013,Match 41,MS Dhoni,375,NULL,Subrata Roy Sahara Stadium,Pune Warriors,Chennai Super Kings,Chennai Super Kings,bat,Chennai Super Kings,runs,37,165,20,N,NA,S Das,SJA Taufel
598039,Hyderabad,01-05-2013,Match 42,I Sharma,NULL,151,"Rajiv Gandhi International Stadium, Uppal",Sunrisers Hyderabad,Mumbai Indians,Mumbai Indians,bat,Sunrisers Hyderabad,wickets,7,130,20,N,NA,Asad Rauf,S Asnani
598040,Raipur,01-05-2013,Match 43,DA Warner,154,NULL,Shaheed Veer Narayan Singh International Stadium,Delhi Daredevils,Kolkata Knight Riders,Kolkata Knight Riders,bat,Delhi Daredevils,wickets,7,137,20,N,NA,HDPK Dharmasena,CK Nandan
598041,Chennai,02-05-2013,Match 44,SK Raina,584,NULL,"MA Chidambaram Stadium, Chepauk",Chennai Super Kings,Kings XI Punjab,Chennai Super Kings,bat,Chennai Super Kings,runs,15,187,20,N,NA,M Erasmus,VA Kulkarni
598042,Pune,02-05-2013,Match 45,AB de Villiers,3,NULL,Subrata Roy Sahara Stadium,Pune Warriors,Royal Challengers Bangalore,Royal Challengers Bangalore,bat,Royal Challengers Bangalore,runs,17,188,20,N,NA,Aleem Dar,C Shamshuddin
598043,Kolkata,03-05-2013,Match 46,YK Pathan,658,NULL,Eden Gardens,Kolkata Knight Riders,Rajasthan Royals,Rajasthan Royals,bat,Kolkata Knight Riders,wickets,8,133,20,N,NA,HDPK Dharmasena,CK Nandan
598044,Hyderabad,04-05-2013,Match 47,DJG Sammy,148,NULL,"Rajiv Gandhi International Stadium, Uppal",Sunrisers Hyderabad,Delhi Daredevils,Delhi Daredevils,bat,Sunrisers Hyderabad,wickets,6,81,20,N,NA,Asad Rauf,S Asnani
598045,Bangalore,14-05-2013,Match 48,AC Gilchrist,17,NULL,M Chinnaswamy Stadium,Royal Challengers Bangalore,Kings XI Punjab,Kings XI Punjab,field,Kings XI Punjab,wickets,7,175,20,N,NA,HDPK Dharmasena,S Ravi
598046,Mumbai,05-05-2013,Match 49,MG Johnson,355,NULL,Wankhede Stadium,Mumbai Indians,Chennai Super Kings,Mumbai Indians,bat,Mumbai Indians,runs,60,140,20,N,NA,HDPK Dharmasena,CK Nandan
598047,Jaipur,05-05-2013,Match 50,AM Rahane,28,NULL,Sawai Mansingh Stadium,Rajasthan Royals,Pune Warriors,Pune Warriors,bat,Rajasthan Royals,wickets,5,179,20,N,NA,C Shamshuddin,RJ Tucker
598048,Bangalore,09-04-2013,Match 51,V Kohli,635,NULL,M Chinnaswamy Stadium,Royal Challengers Bangalore,Sunrisers Hyderabad,Sunrisers Hyderabad,bat,Royal Challengers Bangalore,wickets,7,162,20,N,NA,S Ravi,SJA Taufel
598049,Jaipur,07-05-2013,Match 52,AM Rahane,28,NULL,Sawai Mansingh Stadium,Rajasthan Royals,Delhi Daredevils,Delhi Daredevils,bat,Rajasthan Royals,wickets,9,155,20,N,NA,Aleem Dar,RJ Tucker
598050,Mumbai,07-05-2013,Match 53,SR Tendulkar,497,NULL,Wankhede Stadium,Mumbai Indians,Kolkata Knight Riders,Mumbai Indians,bat,Mumbai Indians,runs,65,171,20,N,NA,HDPK Dharmasena,S Ravi
598051,Hyderabad,08-05-2013,Match 54,SK Raina,584,NULL,"Rajiv Gandhi International Stadium, Uppal",Sunrisers Hyderabad,Chennai Super Kings,Sunrisers Hyderabad,field,Chennai Super Kings,runs,77,224,20,N,NA,S Das,NJ Llong
598052,Chandigarh,09-05-2013,Match 55,KK Cooper,289,NULL,"Punjab Cricket Association Stadium, Mohali",Kings XI Punjab,Rajasthan Royals,Rajasthan Royals,field,Rajasthan Royals,wickets,8,146,20,N,NA,HDPK Dharmasena,S Ravi
598053,Pune,09-05-2013,Match 56,G Gambhir,195,NULL,Subrata Roy Sahara Stadium,Pune Warriors,Kolkata Knight Riders,Kolkata Knight Riders,bat,Kolkata Knight Riders,runs,46,153,20,N,NA,Asad Rauf,S Asnani
598054,Delhi,10-05-2013,Match 57,JD Unadkat,NULL,167,Feroz Shah Kotla,Delhi Daredevils,Royal Challengers Bangalore,Delhi Daredevils,field,Royal Challengers Bangalore,runs,4,184,20,N,NA,NJ Llong,K Srinath
598055,Pune,11-05-2013,Match 58,MG Johnson,355,NULL,Subrata Roy Sahara Stadium,Pune Warriors,Mumbai Indians,Pune Warriors,bat,Mumbai Indians,wickets,5,113,20,N,NA,Asad Rauf,AK Chaudhary
598056,Chandigarh,11-05-2013,Match 59,PA Patel,412,NULL,"Punjab Cricket Association Stadium, Mohali",Kings XI Punjab,Sunrisers Hyderabad,Kings XI Punjab,field,Sunrisers Hyderabad,runs,30,151,20,N,NA,S Das,RJ Tucker
598057,Ranchi,12-05-2013,Match 60,JH Kallis,233,NULL,JSCA International Stadium Complex,Kolkata Knight Riders,Royal Challengers Bangalore,Kolkata Knight Riders,field,Kolkata Knight Riders,wickets,5,116,20,N,NA,NJ Llong,K Srinath
598058,Jaipur,12-05-2013,Match 61,SR Watson,529,NULL,Sawai Mansingh Stadium,Rajasthan Royals,Chennai Super Kings,Rajasthan Royals,field,Rajasthan Royals,wickets,5,142,20,N,NA,HDPK Dharmasena,CK Nandan
598059,Delhi,23-04-2013,Match 62,Harmeet Singh,NULL,139,Feroz Shah Kotla,Delhi Daredevils,Kings XI Punjab,Kings XI Punjab,field,Kings XI Punjab,wickets,5,121,20,N,NA,VA Kulkarni,K Srinath
598060,Mumbai,13-05-2013,Match 63,KA Pollard,291,NULL,Wankhede Stadium,Mumbai Indians,Sunrisers Hyderabad,Sunrisers Hyderabad,bat,Mumbai Indians,wickets,7,179,20,N,NA,AK Chaudhary,SJA Taufel
598061,Ranchi,15-05-2013,Match 64,MK Pandey,330,NULL,JSCA International Stadium Complex,Kolkata Knight Riders,Pune Warriors,Kolkata Knight Riders,field,Pune Warriors,runs,7,171,20,N,NA,NJ Llong,K Srinath
598062,Chennai,14-05-2013,Match 65,MS Dhoni,375,NULL,"MA Chidambaram Stadium, Chepauk",Chennai Super Kings,Delhi Daredevils,Chennai Super Kings,bat,Chennai Super Kings,runs,33,169,20,N,NA,C Shamshuddin,RJ Tucker
598063,Mumbai,15-05-2013,Match 66,AP Tare,23,NULL,Wankhede Stadium,Mumbai Indians,Rajasthan Royals,Rajasthan Royals,field,Mumbai Indians,runs,14,167,20,N,NA,Asad Rauf,S Asnani
598064,Chandigarh,06-05-2013,Match 67,DA Miller,153,NULL,"Punjab Cricket Association Stadium, Mohali",Kings XI Punjab,Royal Challengers Bangalore,Kings XI Punjab,field,Kings XI Punjab,wickets,6,191,20,N,NA,VA Kulkarni,NJ Llong
598065,Hyderabad,17-05-2013,Match 68,A Mishra,45,NULL,"Rajiv Gandhi International Stadium, Uppal",Sunrisers Hyderabad,Rajasthan Royals,Sunrisers Hyderabad,bat,Sunrisers Hyderabad,runs,23,137,20,N,NA,Asad Rauf,AK Chaudhary
598066,Dharamsala,18-05-2013,Match 69,Azhar Mahmood,91,NULL,Himachal Pradesh Cricket Association Stadium,Kings XI Punjab,Mumbai Indians,Mumbai Indians,field,Kings XI Punjab,runs,50,184,20,N,NA,HDPK Dharmasena,CK Nandan
598067,Pune,19-05-2013,Match 70,LJ Wright,321,NULL,Subrata Roy Sahara Stadium,Pune Warriors,Delhi Daredevils,Pune Warriors,bat,Pune Warriors,runs,38,173,20,N,NA,NJ Llong,SJA Taufel
598068,Bangalore,18-05-2013,Match 71,V Kohli,635,NULL,M Chinnaswamy Stadium,Royal Challengers Bangalore,Chennai Super Kings,Chennai Super Kings,field,Royal Challengers Bangalore,runs,24,107,8,N,NA,C Shamshuddin,RJ Tucker
598069,Hyderabad,19-05-2013,Match 72,PA Patel,412,NULL,"Rajiv Gandhi International Stadium, Uppal",Sunrisers Hyderabad,Kolkata Knight Riders,Kolkata Knight Riders,bat,Sunrisers Hyderabad,wickets,5,131,20,N,NA,Asad Rauf,S Asnani
598070,Delhi,21-05-2013,Qualifier 1,MEK Hussey,351,NULL,Feroz Shah Kotla,Chennai Super Kings,Mumbai Indians,Chennai Super Kings,bat,Chennai Super Kings,runs,48,193,20,N,NA,NJ Llong,RJ Tucker
598071,Delhi,22-05-2013,Eliminator,BJ Hodge,113,NULL,Feroz Shah Kotla,Rajasthan Royals,Sunrisers Hyderabad,Sunrisers Hyderabad,bat,Rajasthan Royals,wickets,4,133,20,N,NA,S Ravi,RJ Tucker
598072,Kolkata,24-05-2013,Qualifier 2,Harbhajan Singh,NULL,136,Eden Gardens,Mumbai Indians,Rajasthan Royals,Rajasthan Royals,bat,Mumbai Indians,wickets,4,166,20,N,NA,C Shamshuddin,SJA Taufel
598073,Kolkata,26-05-2013,Final,KA Pollard,291,NULL,Eden Gardens,Chennai Super Kings,Mumbai Indians,Mumbai Indians,bat,Mumbai Indians,runs,23,149,20,N,NA,HDPK Dharmasena,SJA Taufel
729279,Abu Dhabi,16-04-2014,Match 1,JH Kallis,233,NULL,Sheikh Zayed Stadium,Mumbai Indians,Kolkata Knight Riders,Kolkata Knight Riders,bat,Kolkata Knight Riders,runs,41,164,20,N,NA,M Erasmus,RK Illingworth
729281,NA,17-04-2014,Match 2,YS Chahal,NULL,446,Sharjah Cricket Stadium,Delhi Daredevils,Royal Challengers Bangalore,Royal Challengers Bangalore,field,Royal Challengers Bangalore,wickets,8,146,20,N,NA,Aleem Dar,S Ravi
729283,Abu Dhabi,18-04-2014,Match 3,GJ Maxwell,199,NULL,Sheikh Zayed Stadium,Chennai Super Kings,Kings XI Punjab,Chennai Super Kings,bat,Kings XI Punjab,wickets,6,206,20,N,NA,RK Illingworth,C Shamshuddin
729285,Abu Dhabi,18-04-2014,Match 4,AM Rahane,28,NULL,Sheikh Zayed Stadium,Sunrisers Hyderabad,Rajasthan Royals,Rajasthan Royals,field,Rajasthan Royals,wickets,4,134,20,N,NA,BF Bowden,RK Illingworth
729287,NA,19-04-2014,Match 5,PA Patel,412,NULL,Dubai International Cricket Stadium,Royal Challengers Bangalore,Mumbai Indians,Royal Challengers Bangalore,field,Royal Challengers Bangalore,wickets,7,116,20,N,NA,Aleem Dar,AK Chaudhary
729289,NA,19-04-2014,Match 6,JP Duminy,267,NULL,Dubai International Cricket Stadium,Kolkata Knight Riders,Delhi Daredevils,Kolkata Knight Riders,bat,Delhi Daredevils,wickets,4,167,20,N,NA,Aleem Dar,VA Kulkarni
729291,NA,20-04-2014,Match 7,GJ Maxwell,199,NULL,Sharjah Cricket Stadium,Rajasthan Royals,Kings XI Punjab,Kings XI Punjab,field,Kings XI Punjab,wickets,7,192,20,N,NA,BF Bowden,M Erasmus
729293,Abu Dhabi,21-04-2014,Match 8,SK Raina,584,NULL,Sheikh Zayed Stadium,Chennai Super Kings,Delhi Daredevils,Chennai Super Kings,bat,Chennai Super Kings,runs,93,178,20,N,NA,RK Illingworth,C Shamshuddin
729295,NA,22-04-2014,Match 9,GJ Maxwell,199,NULL,Sharjah Cricket Stadium,Kings XI Punjab,Sunrisers Hyderabad,Sunrisers Hyderabad,field,Kings XI Punjab,runs,72,194,20,N,NA,M Erasmus,S Ravi
729297,NA,23-04-2014,Match 10,RA Jadeja,NULL,313,Dubai International Cricket Stadium,Rajasthan Royals,Chennai Super Kings,Rajasthan Royals,field,Chennai Super Kings,runs,7,141,20,N,NA,HDPK Dharmasena,RK Illingworth
729299,NA,24-04-2014,Match 11,CA Lynn,131,NULL,Sharjah Cricket Stadium,Royal Challengers Bangalore,Kolkata Knight Riders,Royal Challengers Bangalore,field,Kolkata Knight Riders,runs,2,151,20,N,NA,Aleem Dar,VA Kulkarni
729301,NA,25-04-2014,Match 12,AJ Finch,2,NULL,Dubai International Cricket Stadium,Sunrisers Hyderabad,Delhi Daredevils,Sunrisers Hyderabad,bat,Sunrisers Hyderabad,runs,4,185,20,N,NA,M Erasmus,S Ravi
729303,NA,25-04-2014,Match 13,MM Sharma,NULL,246,Dubai International Cricket Stadium,Chennai Super Kings,Mumbai Indians,Mumbai Indians,bat,Chennai Super Kings,wickets,7,142,20,N,NA,BF Bowden,M Erasmus
729305,Abu Dhabi,26-04-2014,Match 14,PV Tambe,433,NULL,Sheikh Zayed Stadium,Rajasthan Royals,Royal Challengers Bangalore,Rajasthan Royals,field,Rajasthan Royals,wickets,6,71,20,N,NA,HDPK Dharmasena,C Shamshuddin
729307,Abu Dhabi,26-04-2014,Match 15,Sandeep Sharma,NULL,338,Sheikh Zayed Stadium,Kolkata Knight Riders,Kings XI Punjab,Kolkata Knight Riders,field,Kings XI Punjab,runs,23,133,20,N,NA,HDPK Dharmasena,RK Illingworth
729309,NA,27-04-2014,Match 16,M Vijay,381,NULL,Sharjah Cricket Stadium,Delhi Daredevils,Mumbai Indians,Mumbai Indians,bat,Delhi Daredevils,wickets,6,126,20,N,NA,Aleem Dar,VA Kulkarni
729311,NA,27-04-2014,Match 17,DR Smith,186,NULL,Sharjah Cricket Stadium,Sunrisers Hyderabad,Chennai Super Kings,Sunrisers Hyderabad,bat,Chennai Super Kings,wickets,5,146,20,N,NA,AK Chaudhary,VA Kulkarni
729313,NA,28-04-2014,Match 18,Sandeep Sharma,NULL,338,Dubai International Cricket Stadium,Kings XI Punjab,Royal Challengers Bangalore,Kings XI Punjab,field,Kings XI Punjab,wickets,5,125,20,N,NA,BF Bowden,S Ravi
729315,Abu Dhabi,29-04-2014,Match 19,JP Faulkner,238,NULL,Sheikh Zayed Stadium,Kolkata Knight Riders,Rajasthan Royals,Rajasthan Royals,bat,Rajasthan Royals,tie,NA,153,20,Y,NA,Aleem Dar,AK Chaudhary
729317,NA,30-04-2014,Match 20,B Kumar,NULL,70,Dubai International Cricket Stadium,Mumbai Indians,Sunrisers Hyderabad,Mumbai Indians,field,Sunrisers Hyderabad,runs,15,173,20,N,NA,HDPK Dharmasena,M Erasmus
733971,Ranchi,02-05-2014,Match 21,RA Jadeja,NULL,313,JSCA International Stadium Complex,Chennai Super Kings,Kolkata Knight Riders,Chennai Super Kings,bat,Chennai Super Kings,runs,34,149,17,N,NA,AK Chaudhary,NJ Llong
733973,Mumbai,03-05-2014,Match 22,CJ Anderson,NULL,92,Wankhede Stadium,Mumbai Indians,Kings XI Punjab,Kings XI Punjab,bat,Mumbai Indians,wickets,5,169,20,N,NA,BNJ Oxenford,C Shamshuddin
733975,Delhi,03-05-2014,Match 23,KK Nair,282,NULL,Feroz Shah Kotla,Delhi Daredevils,Rajasthan Royals,Rajasthan Royals,field,Rajasthan Royals,wickets,7,153,20,N,NA,SS Hazare,S Ravi
733977,Bangalore,04-05-2014,Match 24,AB de Villiers,3,NULL,M Chinnaswamy Stadium,Royal Challengers Bangalore,Sunrisers Hyderabad,Royal Challengers Bangalore,field,Royal Challengers Bangalore,wickets,4,156,20,N,NA,HDPK Dharmasena,VA Kulkarni
733979,Ahmedabad,05-05-2014,Match 25,PV Tambe,433,NULL,"Sardar Patel Stadium, Motera",Rajasthan Royals,Kolkata Knight Riders,Kolkata Knight Riders,field,Rajasthan Royals,runs,10,171,20,N,NA,NJ Llong,CK Nandan
733981,Delhi,05-05-2014,Match 26,DR Smith,186,NULL,Feroz Shah Kotla,Delhi Daredevils,Chennai Super Kings,Chennai Super Kings,field,Chennai Super Kings,wickets,8,179,20,N,NA,RM Deshpande,BNJ Oxenford
733983,Mumbai,06-05-2014,Match 27,RG Sharma,483,NULL,Wankhede Stadium,Mumbai Indians,Royal Challengers Bangalore,Royal Challengers Bangalore,field,Mumbai Indians,runs,19,188,20,N,NA,S Ravi,K Srinath
733985,Delhi,07-05-2014,Match 28,G Gambhir,195,NULL,Feroz Shah Kotla,Delhi Daredevils,Kolkata Knight Riders,Delhi Daredevils,bat,Kolkata Knight Riders,wickets,8,161,20,N,NA,BNJ Oxenford,C Shamshuddin
733987,Cuttack,07-05-2014,Match 29,GJ Maxwell,199,NULL,Barabati Stadium,Kings XI Punjab,Chennai Super Kings,Chennai Super Kings,field,Kings XI Punjab,runs,44,232,20,N,NA,HDPK Dharmasena,PG Pathak
733989,Ahmedabad,08-05-2014,Match 30,B Kumar,NULL,70,"Sardar Patel Stadium, Motera",Rajasthan Royals,Sunrisers Hyderabad,Rajasthan Royals,field,Sunrisers Hyderabad,runs,32,135,20,N,NA,AK Chaudhary,NJ Llong
733991,Bangalore,09-05-2014,Match 31,Sandeep Sharma,NULL,338,M Chinnaswamy Stadium,Royal Challengers Bangalore,Kings XI Punjab,Royal Challengers Bangalore,field,Kings XI Punjab,runs,32,199,20,N,NA,S Ravi,K Srinath
733993,Delhi,10-05-2014,Match 32,DW Steyn,NULL,95,Feroz Shah Kotla,Delhi Daredevils,Sunrisers Hyderabad,Sunrisers Hyderabad,field,Sunrisers Hyderabad,wickets,8,43,5,N,D/L,RM Deshpande,BNJ Oxenford
733995,Mumbai,10-05-2014,Match 33,DR Smith,186,NULL,Wankhede Stadium,Mumbai Indians,Chennai Super Kings,Chennai Super Kings,field,Chennai Super Kings,wickets,4,158,20,N,NA,HDPK Dharmasena,VA Kulkarni
733997,Cuttack,11-05-2014,Match 34,G Gambhir,195,NULL,Barabati Stadium,Kings XI Punjab,Kolkata Knight Riders,Kolkata Knight Riders,field,Kolkata Knight Riders,wickets,9,150,20,N,NA,NJ Llong,CK Nandan
733999,Bangalore,11-05-2014,Match 35,JP Faulkner,238,NULL,M Chinnaswamy Stadium,Royal Challengers Bangalore,Rajasthan Royals,Royal Challengers Bangalore,bat,Rajasthan Royals,wickets,5,191,20,N,NA,S Ravi,RJ Tucker
734001,Hyderabad,12-05-2014,Match 36,AT Rayudu,44,NULL,"Rajiv Gandhi International Stadium, Uppal",Sunrisers Hyderabad,Mumbai Indians,Sunrisers Hyderabad,bat,Mumbai Indians,wickets,7,158,20,N,NA,HDPK Dharmasena,VA Kulkarni
734003,Ranchi,13-05-2014,Match 37,RA Jadeja,NULL,313,JSCA International Stadium Complex,Chennai Super Kings,Rajasthan Royals,Rajasthan Royals,bat,Chennai Super Kings,wickets,5,149,20,N,NA,BNJ Oxenford,C Shamshuddin
734005,Bangalore,13-05-2014,Match 38,Yuvraj Singh,659,NULL,M Chinnaswamy Stadium,Royal Challengers Bangalore,Delhi Daredevils,Delhi Daredevils,field,Royal Challengers Bangalore,runs,16,187,20,N,NA,K Srinath,RJ Tucker
734007,Hyderabad,14-05-2014,Match 39,WP Saha,648,NULL,"Rajiv Gandhi International Stadium, Uppal",Sunrisers Hyderabad,Kings XI Punjab,Kings XI Punjab,field,Kings XI Punjab,wickets,6,206,20,N,NA,VA Kulkarni,PG Pathak
734009,Cuttack,14-05-2014,Match 40,RV Uthappa,479,NULL,Barabati Stadium,Kolkata Knight Riders,Mumbai Indians,Kolkata Knight Riders,field,Kolkata Knight Riders,wickets,6,142,20,N,NA,AK Chaudhary,NJ Llong
734011,Ahmedabad,15-05-2014,Match 41,AM Rahane,28,NULL,"Sardar Patel Stadium, Motera",Rajasthan Royals,Delhi Daredevils,Delhi Daredevils,field,Rajasthan Royals,runs,62,202,20,N,NA,S Ravi,RJ Tucker
734013,Ranchi,18-05-2014,Match 42,AB de Villiers,3,NULL,JSCA International Stadium Complex,Chennai Super Kings,Royal Challengers Bangalore,Chennai Super Kings,bat,Royal Challengers Bangalore,wickets,5,139,20,N,NA,BNJ Oxenford,C Shamshuddin
734015,Hyderabad,18-05-2014,Match 43,UT Yadav,NULL,415,"Rajiv Gandhi International Stadium, Uppal",Sunrisers Hyderabad,Kolkata Knight Riders,Sunrisers Hyderabad,bat,Kolkata Knight Riders,wickets,7,143,20,N,NA,NJ Llong,CK Nandan
734017,Ahmedabad,19-05-2014,Match 44,MEK Hussey,351,NULL,"Sardar Patel Stadium, Motera",Rajasthan Royals,Mumbai Indians,Mumbai Indians,bat,Mumbai Indians,runs,25,179,20,N,NA,S Ravi,RJ Tucker
734019,Delhi,19-05-2014,Match 45,AR Patel,NULL,57,Feroz Shah Kotla,Delhi Daredevils,Kings XI Punjab,Kings XI Punjab,field,Kings XI Punjab,wickets,4,165,20,N,NA,HDPK Dharmasena,PG Pathak
734021,Hyderabad,20-05-2014,Match 46,DA Warner,154,NULL,"Rajiv Gandhi International Stadium, Uppal",Sunrisers Hyderabad,Royal Challengers Bangalore,Royal Challengers Bangalore,bat,Sunrisers Hyderabad,wickets,7,161,20,N,NA,AK Chaudhary,NJ Llong
734023,Kolkata,20-05-2014,Match 47,RV Uthappa,479,NULL,Eden Gardens,Kolkata Knight Riders,Chennai Super Kings,Kolkata Knight Riders,field,Kolkata Knight Riders,wickets,8,155,20,N,NA,RM Deshpande,C Shamshuddin
734025,Chandigarh,21-05-2014,Match 48,LMP Simmons,311,NULL,"Punjab Cricket Association Stadium, Mohali",Kings XI Punjab,Mumbai Indians,Mumbai Indians,field,Mumbai Indians,wickets,7,157,20,N,NA,HDPK Dharmasena,VA Kulkarni
734027,Kolkata,22-05-2014,Match 49,RV Uthappa,479,NULL,Eden Gardens,Kolkata Knight Riders,Royal Challengers Bangalore,Royal Challengers Bangalore,field,Kolkata Knight Riders,runs,30,196,20,N,NA,AK Chaudhary,CK Nandan
734029,Ranchi,22-05-2014,Match 50,DA Warner,154,NULL,JSCA International Stadium Complex,Chennai Super Kings,Sunrisers Hyderabad,Sunrisers Hyderabad,field,Sunrisers Hyderabad,wickets,6,186,20,N,NA,BNJ Oxenford,C Shamshuddin
734031,Mumbai,23-05-2014,Match 51,MEK Hussey,351,NULL,Wankhede Stadium,Mumbai Indians,Delhi Daredevils,Delhi Daredevils,field,Mumbai Indians,runs,15,174,20,N,NA,S Ravi,RJ Tucker
734033,Chandigarh,23-05-2014,Match 52,SE Marsh,533,NULL,"Punjab Cricket Association Stadium, Mohali",Kings XI Punjab,Rajasthan Royals,Rajasthan Royals,field,Kings XI Punjab,runs,16,180,20,N,NA,HDPK Dharmasena,PG Pathak
734035,Bangalore,24-05-2014,Match 53,MS Dhoni,375,NULL,M Chinnaswamy Stadium,Royal Challengers Bangalore,Chennai Super Kings,Chennai Super Kings,field,Chennai Super Kings,wickets,8,155,20,N,NA,AK Chaudhary,NJ Llong
734037,Kolkata,24-05-2014,Match 54,YK Pathan,658,NULL,Eden Gardens,Kolkata Knight Riders,Sunrisers Hyderabad,Kolkata Knight Riders,field,Kolkata Knight Riders,wickets,4,161,20,N,NA,RM Deshpande,BNJ Oxenford
734039,Chandigarh,25-05-2014,Match 55,M Vohra,327,NULL,"Punjab Cricket Association Stadium, Mohali",Kings XI Punjab,Delhi Daredevils,Kings XI Punjab,field,Kings XI Punjab,wickets,7,116,20,N,NA,HDPK Dharmasena,VA Kulkarni
734041,Mumbai,25-05-2014,Match 56,CJ Anderson,NULL,92,Wankhede Stadium,Mumbai Indians,Rajasthan Royals,Mumbai Indians,field,Mumbai Indians,wickets,5,190,20,N,NA,K Srinath,RJ Tucker
734043,Kolkata,27-05-2014,Qualifier 1,UT Yadav,NULL,415,Eden Gardens,Kings XI Punjab,Kolkata Knight Riders,Kings XI Punjab,field,Kolkata Knight Riders,runs,28,164,20,N,NA,NJ Llong,S Ravi
734045,Mumbai,28-05-2014,Eliminator,SK Raina,584,NULL,Brabourne Stadium,Chennai Super Kings,Mumbai Indians,Chennai Super Kings,field,Chennai Super Kings,wickets,7,174,20,N,NA,VA Kulkarni,BNJ Oxenford
734047,Mumbai,30-05-2014,Qualifier 2,V Sehwag,637,NULL,Wankhede Stadium,Chennai Super Kings,Kings XI Punjab,Chennai Super Kings,field,Kings XI Punjab,runs,24,227,20,N,NA,HDPK Dharmasena,RJ Tucker
734049,Bangalore,01-06-2014,Final,MK Pandey,330,NULL,M Chinnaswamy Stadium,Kolkata Knight Riders,Kings XI Punjab,Kolkata Knight Riders,field,Kolkata Knight Riders,wickets,3,200,20,N,NA,HDPK Dharmasena,BNJ Oxenford
829705,Kolkata,08-04-2015,Match 1,M Morkel,NULL,249,Eden Gardens,Kolkata Knight Riders,Mumbai Indians,Kolkata Knight Riders,field,Kolkata Knight Riders,wickets,7,169,20,N,NA,S Ravi,C Shamshuddin
829707,Chennai,09-04-2015,Match 2,A Nehra,NULL,47,"MA Chidambaram Stadium, Chepauk",Chennai Super Kings,Delhi Daredevils,Delhi Daredevils,field,Chennai Super Kings,runs,1,151,20,N,NA,RK Illingworth,VA Kulkarni
829709,Pune,10-04-2015,Match 3,JP Faulkner,238,NULL,Maharashtra Cricket Association Stadium,Kings XI Punjab,Rajasthan Royals,Kings XI Punjab,field,Rajasthan Royals,runs,26,163,20,N,NA,SD Fry,CB Gaffaney
829711,Chennai,11-04-2015,Match 4,BB McCullum,115,NULL,"MA Chidambaram Stadium, Chepauk",Chennai Super Kings,Sunrisers Hyderabad,Chennai Super Kings,bat,Chennai Super Kings,runs,45,210,20,N,NA,RK Illingworth,VA Kulkarni
829713,Kolkata,11-04-2015,Match 5,CH Gayle,129,NULL,Eden Gardens,Kolkata Knight Riders,Royal Challengers Bangalore,Royal Challengers Bangalore,field,Royal Challengers Bangalore,wickets,3,178,20,N,NA,S Ravi,C Shamshuddin
829715,Delhi,12-04-2015,Match 6,DJ Hooda,161,NULL,Feroz Shah Kotla,Delhi Daredevils,Rajasthan Royals,Rajasthan Royals,field,Rajasthan Royals,wickets,3,185,20,N,NA,SD Fry,CB Gaffaney
829717,Mumbai,12-04-2015,Match 7,GJ Bailey,196,NULL,Wankhede Stadium,Mumbai Indians,Kings XI Punjab,Mumbai Indians,field,Kings XI Punjab,runs,18,178,20,N,NA,AK Chaudhary,K Srinivasan
829719,Bangalore,13-04-2015,Match 8,DA Warner,154,NULL,M Chinnaswamy Stadium,Royal Challengers Bangalore,Sunrisers Hyderabad,Sunrisers Hyderabad,field,Sunrisers Hyderabad,wickets,8,167,20,N,NA,RM Deshpande,RK Illingworth
829721,Ahmedabad,14-04-2015,Match 9,SPD Smith,573,NULL,"Sardar Patel Stadium, Motera",Rajasthan Royals,Mumbai Indians,Mumbai Indians,bat,Rajasthan Royals,wickets,7,165,20,N,NA,AK Chaudhary,SD Fry
829723,Kolkata,30-04-2015,Match 10,AD Russell,49,NULL,Eden Gardens,Kolkata Knight Riders,Chennai Super Kings,Kolkata Knight Riders,field,Kolkata Knight Riders,wickets,7,166,20,N,NA,AK Chaudhary,M Erasmus
829725,Pune,15-04-2015,Match 11,MA Agarwal,346,NULL,Maharashtra Cricket Association Stadium,Kings XI Punjab,Delhi Daredevils,Kings XI Punjab,bat,Delhi Daredevils,wickets,5,166,20,N,NA,CB Gaffaney,K Srinath
829727,Visakhapatnam,16-04-2015,Match 12,AM Rahane,28,NULL,Dr. Y.S. Rajasekhara Reddy ACA-VDCA Cricket Stadium,Sunrisers Hyderabad,Rajasthan Royals,Rajasthan Royals,field,Rajasthan Royals,wickets,6,128,20,N,NA,PG Pathak,S Ravi
829729,Mumbai,17-04-2015,Match 13,A Nehra,NULL,47,Wankhede Stadium,Mumbai Indians,Chennai Super Kings,Mumbai Indians,bat,Chennai Super Kings,wickets,6,184,20,N,NA,AK Chaudhary,M Erasmus
829731,Visakhapatnam,18-04-2015,Match 14,JP Duminy,267,NULL,Dr. Y.S. Rajasekhara Reddy ACA-VDCA Cricket Stadium,Sunrisers Hyderabad,Delhi Daredevils,Delhi Daredevils,bat,Delhi Daredevils,runs,4,168,20,N,NA,PG Pathak,S Ravi
829733,Pune,18-04-2015,Match 15,AD Russell,49,NULL,Maharashtra Cricket Association Stadium,Kings XI Punjab,Kolkata Knight Riders,Kolkata Knight Riders,field,Kolkata Knight Riders,wickets,4,156,20,N,NA,SD Fry,CK Nandan
829735,Ahmedabad,19-04-2015,Match 16,AM Rahane,28,NULL,"Sardar Patel Stadium, Motera",Rajasthan Royals,Chennai Super Kings,Chennai Super Kings,bat,Rajasthan Royals,wickets,8,157,20,N,NA,AK Chaudhary,M Erasmus
829737,Bangalore,19-04-2015,Match 17,Harbhajan Singh,NULL,136,M Chinnaswamy Stadium,Royal Challengers Bangalore,Mumbai Indians,Royal Challengers Bangalore,field,Mumbai Indians,runs,18,210,20,N,NA,RK Illingworth,VA Kulkarni
829739,Delhi,20-04-2015,Match 18,UT Yadav,NULL,415,Feroz Shah Kotla,Delhi Daredevils,Kolkata Knight Riders,Kolkata Knight Riders,field,Kolkata Knight Riders,wickets,6,147,20,N,NA,SD Fry,CB Gaffaney
829741,Ahmedabad,21-04-2015,Match 19,SE Marsh,533,NULL,"Sardar Patel Stadium, Motera",Rajasthan Royals,Kings XI Punjab,Kings XI Punjab,field,Kings XI Punjab,tie,NA,192,20,Y,NA,M Erasmus,S Ravi
829743,Visakhapatnam,22-04-2015,Match 20,DA Warner,154,NULL,Dr. Y.S. Rajasekhara Reddy ACA-VDCA Cricket Stadium,Sunrisers Hyderabad,Kolkata Knight Riders,Kolkata Knight Riders,field,Sunrisers Hyderabad,runs,16,118,12,N,D/L,RK Illingworth,VA Kulkarni
829745,Bangalore,22-04-2015,Match 21,SK Raina,584,NULL,M Chinnaswamy Stadium,Royal Challengers Bangalore,Chennai Super Kings,Royal Challengers Bangalore,field,Chennai Super Kings,runs,27,182,20,N,NA,JD Cloete,C Shamshuddin
829747,Delhi,23-04-2015,Match 22,SS Iyer,553,NULL,Feroz Shah Kotla,Delhi Daredevils,Mumbai Indians,Mumbai Indians,field,Delhi Daredevils,runs,37,191,20,N,NA,SD Fry,CK Nandan
829749,Ahmedabad,24-04-2015,Match 23,MA Starc,NULL,400,"Sardar Patel Stadium, Motera",Rajasthan Royals,Royal Challengers Bangalore,Royal Challengers Bangalore,field,Royal Challengers Bangalore,wickets,9,131,20,N,NA,M Erasmus,S Ravi
829751,Mumbai,25-04-2015,Match 24,SL Malinga,NULL,211,Wankhede Stadium,Mumbai Indians,Sunrisers Hyderabad,Mumbai Indians,bat,Mumbai Indians,runs,20,158,20,N,NA,HDPK Dharmasena,CB Gaffaney
829753,Chennai,25-04-2015,Match 25,BB McCullum,115,NULL,"MA Chidambaram Stadium, Chepauk",Chennai Super Kings,Kings XI Punjab,Chennai Super Kings,bat,Chennai Super Kings,runs,97,193,20,N,NA,JD Cloete,C Shamshuddin
829757,Delhi,26-04-2015,Match 26,VR Aaron,NULL,418,Feroz Shah Kotla,Delhi Daredevils,Royal Challengers Bangalore,Royal Challengers Bangalore,field,Royal Challengers Bangalore,wickets,10,96,20,N,NA,M Erasmus,S Ravi
829759,Chandigarh,27-04-2015,Match 27,TA Boult,NULL,409,"Punjab Cricket Association Stadium, Mohali",Kings XI Punjab,Sunrisers Hyderabad,Kings XI Punjab,field,Sunrisers Hyderabad,runs,20,151,20,N,NA,HDPK Dharmasena,CB Gaffaney
829761,Kolkata,07-05-2015,Match 28,PP Chawla,NULL,286,Eden Gardens,Kolkata Knight Riders,Delhi Daredevils,Kolkata Knight Riders,bat,Kolkata Knight Riders,runs,13,172,20,N,NA,AK Chaudhary,M Erasmus
829763,Bangalore,29-04-2015,Match 29,NA,NULL,NULL,M Chinnaswamy Stadium,Royal Challengers Bangalore,Rajasthan Royals,Rajasthan Royals,field,NA,no result,NA,NA,NA,N,NA,JD Cloete,PG Pathak
829765,Chennai,28-04-2015,Match 30,DJ Bravo,146,NULL,"MA Chidambaram Stadium, Chepauk",Chennai Super Kings,Kolkata Knight Riders,Kolkata Knight Riders,field,Chennai Super Kings,runs,2,135,20,N,NA,RM Deshpande,VA Kulkarni
829767,Delhi,01-05-2015,Match 31,NM Coulter-Nile,NULL,260,Feroz Shah Kotla,Delhi Daredevils,Kings XI Punjab,Delhi Daredevils,field,Delhi Daredevils,wickets,9,119,20,N,NA,RK Illingworth,S Ravi
829769,Mumbai,01-05-2015,Match 32,AT Rayudu,44,NULL,Wankhede Stadium,Mumbai Indians,Rajasthan Royals,Rajasthan Royals,field,Mumbai Indians,runs,8,188,20,N,NA,HDPK Dharmasena,CK Nandan
829771,Bangalore,02-05-2015,Match 33,Mandeep Singh,329,NULL,M Chinnaswamy Stadium,Royal Challengers Bangalore,Kolkata Knight Riders,Royal Challengers Bangalore,field,Royal Challengers Bangalore,wickets,7,112,10,N,NA,JD Cloete,PG Pathak
829773,Hyderabad,02-05-2015,Match 34,DA Warner,154,NULL,"Rajiv Gandhi International Stadium, Uppal",Sunrisers Hyderabad,Chennai Super Kings,Chennai Super Kings,field,Sunrisers Hyderabad,runs,22,193,20,N,NA,AK Chaudhary,K Srinivasan
829775,Chandigarh,03-05-2015,Match 35,LMP Simmons,311,NULL,"Punjab Cricket Association Stadium, Mohali",Kings XI Punjab,Mumbai Indians,Mumbai Indians,bat,Mumbai Indians,runs,23,173,20,N,NA,RK Illingworth,VA Kulkarni
829777,Mumbai,03-05-2015,Match 36,AM Rahane,28,NULL,Brabourne Stadium,Rajasthan Royals,Delhi Daredevils,Delhi Daredevils,field,Rajasthan Royals,runs,14,190,20,N,NA,HDPK Dharmasena,CB Gaffaney
829779,Chennai,04-05-2015,Match 37,SK Raina,584,NULL,"MA Chidambaram Stadium, Chepauk",Chennai Super Kings,Royal Challengers Bangalore,Chennai Super Kings,bat,Chennai Super Kings,runs,24,149,20,N,NA,C Shamshuddin,K Srinath
829781,Kolkata,04-05-2015,Match 38,UT Yadav,NULL,415,Eden Gardens,Kolkata Knight Riders,Sunrisers Hyderabad,Sunrisers Hyderabad,field,Kolkata Knight Riders,runs,35,168,20,N,NA,AK Chaudhary,M Erasmus
829783,Mumbai,05-05-2015,Match 39,Harbhajan Singh,NULL,136,Wankhede Stadium,Mumbai Indians,Delhi Daredevils,Delhi Daredevils,bat,Mumbai Indians,wickets,5,153,20,N,NA,HDPK Dharmasena,CB Gaffaney
829785,Bangalore,06-05-2015,Match 40,CH Gayle,129,NULL,M Chinnaswamy Stadium,Royal Challengers Bangalore,Kings XI Punjab,Kings XI Punjab,field,Royal Challengers Bangalore,runs,138,227,20,N,NA,RK Illingworth,VA Kulkarni
829787,Mumbai,07-05-2015,Match 41,EJG Morgan,88,NULL,Brabourne Stadium,Rajasthan Royals,Sunrisers Hyderabad,Rajasthan Royals,field,Sunrisers Hyderabad,runs,7,202,20,N,NA,JD Cloete,C Shamshuddin
829789,Chennai,08-05-2015,Match 42,HH Pandya,209,NULL,"MA Chidambaram Stadium, Chepauk",Chennai Super Kings,Mumbai Indians,Chennai Super Kings,bat,Mumbai Indians,wickets,6,159,20,N,NA,CB Gaffaney,CK Nandan
829791,Kolkata,09-05-2015,Match 43,AD Russell,49,NULL,Eden Gardens,Kolkata Knight Riders,Kings XI Punjab,Kings XI Punjab,bat,Kolkata Knight Riders,wickets,1,184,20,N,NA,AK Chaudhary,HDPK Dharmasena
829793,Raipur,09-05-2015,Match 44,MC Henriques,373,NULL,Shaheed Veer Narayan Singh International Stadium,Delhi Daredevils,Sunrisers Hyderabad,Sunrisers Hyderabad,bat,Sunrisers Hyderabad,runs,6,164,20,N,NA,VA Kulkarni,S Ravi
829795,Mumbai,10-05-2015,Match 45,AB de Villiers,3,NULL,Wankhede Stadium,Mumbai Indians,Royal Challengers Bangalore,Royal Challengers Bangalore,bat,Royal Challengers Bangalore,runs,39,236,20,N,NA,JD Cloete,C Shamshuddin
829797,Chennai,10-05-2015,Match 46,RA Jadeja,NULL,313,"MA Chidambaram Stadium, Chepauk",Chennai Super Kings,Rajasthan Royals,Chennai Super Kings,bat,Chennai Super Kings,runs,12,158,20,N,NA,M Erasmus,CK Nandan
829799,Hyderabad,11-05-2015,Match 47,DA Warner,154,NULL,"Rajiv Gandhi International Stadium, Uppal",Sunrisers Hyderabad,Kings XI Punjab,Sunrisers Hyderabad,bat,Sunrisers Hyderabad,runs,5,186,20,N,NA,AK Chaudhary,HDPK Dharmasena
829801,Raipur,12-05-2015,Match 48,Z Khan,NULL,447,Shaheed Veer Narayan Singh International Stadium,Delhi Daredevils,Chennai Super Kings,Chennai Super Kings,bat,Delhi Daredevils,wickets,6,120,20,N,NA,RK Illingworth,VA Kulkarni
829803,Chandigarh,13-05-2015,Match 49,AR Patel,NULL,57,"Punjab Cricket Association Stadium, Mohali",Kings XI Punjab,Royal Challengers Bangalore,Royal Challengers Bangalore,field,Kings XI Punjab,runs,22,107,10,N,NA,JD Cloete,C Shamshuddin
829805,Mumbai,14-05-2015,Match 50,HH Pandya,209,NULL,Wankhede Stadium,Mumbai Indians,Kolkata Knight Riders,Kolkata Knight Riders,field,Mumbai Indians,runs,5,172,20,N,NA,RK Illingworth,VA Kulkarni
829807,Hyderabad,15-05-2015,Match 51,V Kohli,635,NULL,"Rajiv Gandhi International Stadium, Uppal",Sunrisers Hyderabad,Royal Challengers Bangalore,Sunrisers Hyderabad,bat,Royal Challengers Bangalore,wickets,6,81,6,N,D/L,AK Chaudhary,HDPK Dharmasena
829809,Chandigarh,16-05-2015,Match 52,P Negi,NULL,284,"Punjab Cricket Association Stadium, Mohali",Kings XI Punjab,Chennai Super Kings,Kings XI Punjab,bat,Chennai Super Kings,wickets,7,131,20,N,NA,CK Nandan,C Shamshuddin
829811,Mumbai,16-05-2015,Match 53,SR Watson,529,NULL,Brabourne Stadium,Rajasthan Royals,Kolkata Knight Riders,Rajasthan Royals,bat,Rajasthan Royals,runs,9,200,20,N,NA,RM Deshpande,RK Illingworth
829813,Bangalore,17-05-2015,Match 54,NA,NULL,NULL,M Chinnaswamy Stadium,Royal Challengers Bangalore,Delhi Daredevils,Royal Challengers Bangalore,field,NA,no result,NA,188,20,N,NA,HDPK Dharmasena,K Srinivasan
829815,Hyderabad,17-05-2015,Match 55,MJ McClenaghan,NULL,398,"Rajiv Gandhi International Stadium, Uppal",Sunrisers Hyderabad,Mumbai Indians,Sunrisers Hyderabad,bat,Mumbai Indians,wickets,9,114,20,N,NA,CB Gaffaney,K Srinath
829817,Mumbai,19-05-2015,Qualifier 1,KA Pollard,291,NULL,Wankhede Stadium,Chennai Super Kings,Mumbai Indians,Mumbai Indians,bat,Mumbai Indians,runs,25,188,20,N,NA,HDPK Dharmasena,RK Illingworth
829819,Pune,20-05-2015,Eliminator,AB de Villiers,3,NULL,Maharashtra Cricket Association Stadium,Royal Challengers Bangalore,Rajasthan Royals,Royal Challengers Bangalore,bat,Royal Challengers Bangalore,runs,71,181,20,N,NA,AK Chaudhary,C Shamshuddin
829821,Ranchi,22-05-2015,Qualifier 2,A Nehra,NULL,47,JSCA International Stadium Complex,Chennai Super Kings,Royal Challengers Bangalore,Chennai Super Kings,field,Chennai Super Kings,wickets,3,140,20,N,NA,AK Chaudhary,CB Gaffaney
829823,Kolkata,24-05-2015,Final,RG Sharma,483,NULL,Eden Gardens,Mumbai Indians,Chennai Super Kings,Chennai Super Kings,field,Mumbai Indians,runs,41,203,20,N,NA,HDPK Dharmasena,RK Illingworth
980901,Mumbai,09-04-2016,Match 1,AM Rahane,28,NULL,Wankhede Stadium,Mumbai Indians,Rising Pune Supergiants,Mumbai Indians,bat,Rising Pune Supergiants,wickets,9,122,20,N,NA,HDPK Dharmasena,CK Nandan
980903,Kolkata,10-04-2016,Match 2,AD Russell,49,NULL,Eden Gardens,Kolkata Knight Riders,Delhi Daredevils,Kolkata Knight Riders,field,Kolkata Knight Riders,wickets,9,99,20,N,NA,S Ravi,C Shamshuddin
980905,Chandigarh,11-04-2016,Match 3,AJ Finch,2,NULL,"Punjab Cricket Association IS Bindra Stadium, Mohali",Kings XI Punjab,Gujarat Lions,Gujarat Lions,field,Gujarat Lions,wickets,5,162,20,N,NA,AK Chaudhary,VA Kulkarni
980907,Bangalore,12-04-2016,Match 4,AB de Villiers,3,NULL,M Chinnaswamy Stadium,Royal Challengers Bangalore,Sunrisers Hyderabad,Sunrisers Hyderabad,field,Royal Challengers Bangalore,runs,45,228,20,N,NA,HDPK Dharmasena,VK Sharma
980909,Kolkata,13-04-2016,Match 5,RG Sharma,483,NULL,Eden Gardens,Kolkata Knight Riders,Mumbai Indians,Mumbai Indians,field,Mumbai Indians,wickets,6,188,20,N,NA,Nitin Menon,S Ravi
980911,Rajkot,14-04-2016,Match 6,AJ Finch,2,NULL,Saurashtra Cricket Association Stadium,Gujarat Lions,Rising Pune Supergiants,Rising Pune Supergiants,bat,Gujarat Lions,wickets,7,164,20,N,NA,VA Kulkarni,CK Nandan
980913,Delhi,15-04-2016,Match 7,A Mishra,45,NULL,Feroz Shah Kotla,Delhi Daredevils,Kings XI Punjab,Delhi Daredevils,field,Delhi Daredevils,wickets,8,112,20,N,NA,S Ravi,C Shamshuddin
980915,Hyderabad,16-04-2016,Match 8,G Gambhir,195,NULL,"Rajiv Gandhi International Stadium, Uppal",Sunrisers Hyderabad,Kolkata Knight Riders,Sunrisers Hyderabad,bat,Kolkata Knight Riders,wickets,8,143,20,N,NA,AK Chaudhary,CK Nandan
980917,Mumbai,16-04-2016,Match 9,AJ Finch,2,NULL,Wankhede Stadium,Mumbai Indians,Gujarat Lions,Gujarat Lions,field,Gujarat Lions,wickets,3,144,20,N,NA,HDPK Dharmasena,VK Sharma
980919,Chandigarh,17-04-2016,Match 10,M Vohra,327,NULL,"Punjab Cricket Association IS Bindra Stadium, Mohali",Kings XI Punjab,Rising Pune Supergiants,Rising Pune Supergiants,bat,Kings XI Punjab,wickets,6,153,20,N,NA,S Ravi,C Shamshuddin
980921,Bangalore,17-04-2016,Match 11,Q de Kock,439,NULL,M Chinnaswamy Stadium,Royal Challengers Bangalore,Delhi Daredevils,Delhi Daredevils,field,Delhi Daredevils,wickets,7,192,20,N,NA,VA Kulkarni,A Nand Kishore
980923,Hyderabad,18-04-2016,Match 12,DA Warner,154,NULL,"Rajiv Gandhi International Stadium, Uppal",Sunrisers Hyderabad,Mumbai Indians,Sunrisers Hyderabad,field,Sunrisers Hyderabad,wickets,7,143,20,N,NA,HDPK Dharmasena,VK Sharma
980925,Chandigarh,19-04-2016,Match 13,RV Uthappa,479,NULL,"Punjab Cricket Association IS Bindra Stadium, Mohali",Kings XI Punjab,Kolkata Knight Riders,Kolkata Knight Riders,field,Kolkata Knight Riders,wickets,6,139,20,N,NA,S Ravi,C Shamshuddin
980927,Mumbai,20-04-2016,Match 14,RG Sharma,483,NULL,Wankhede Stadium,Mumbai Indians,Royal Challengers Bangalore,Mumbai Indians,field,Mumbai Indians,wickets,6,171,20,N,NA,AK Chaudhary,CK Nandan
980929,Rajkot,21-04-2016,Match 15,B Kumar,NULL,70,Saurashtra Cricket Association Stadium,Gujarat Lions,Sunrisers Hyderabad,Sunrisers Hyderabad,field,Sunrisers Hyderabad,wickets,10,136,20,N,NA,K Bharatan,HDPK Dharmasena
980931,Pune,22-04-2016,Match 16,AB de Villiers,3,NULL,Maharashtra Cricket Association Stadium,Rising Pune Supergiants,Royal Challengers Bangalore,Rising Pune Supergiants,field,Royal Challengers Bangalore,runs,13,186,20,N,NA,CB Gaffaney,VK Sharma
980933,Delhi,23-04-2016,Match 17,SV Samson,510,NULL,Feroz Shah Kotla,Delhi Daredevils,Mumbai Indians,Mumbai Indians,field,Delhi Daredevils,runs,10,165,20,N,NA,S Ravi,C Shamshuddin
980935,Hyderabad,23-04-2016,Match 18,Mustafizur Rahman,NULL,257,"Rajiv Gandhi International Stadium, Uppal",Sunrisers Hyderabad,Kings XI Punjab,Sunrisers Hyderabad,field,Sunrisers Hyderabad,wickets,5,144,20,N,NA,AK Chaudhary,CK Nandan
980937,Rajkot,24-04-2016,Match 19,V Kohli,635,NULL,Saurashtra Cricket Association Stadium,Gujarat Lions,Royal Challengers Bangalore,Royal Challengers Bangalore,bat,Gujarat Lions,wickets,6,181,20,N,NA,K Bharatan,BNJ Oxenford
980939,Pune,24-04-2016,Match 20,SA Yadav,585,NULL,Maharashtra Cricket Association Stadium,Rising Pune Supergiants,Kolkata Knight Riders,Kolkata Knight Riders,field,Kolkata Knight Riders,wickets,2,161,20,N,NA,CB Gaffaney,A Nand Kishore
980941,Chandigarh,25-04-2016,Match 21,PA Patel,412,NULL,"Punjab Cricket Association IS Bindra Stadium, Mohali",Kings XI Punjab,Mumbai Indians,Kings XI Punjab,field,Mumbai Indians,runs,25,190,20,N,NA,Nitin Menon,RJ Tucker
980943,Hyderabad,26-04-2016,Match 22,AB Dinda,NULL,50,"Rajiv Gandhi International Stadium, Uppal",Sunrisers Hyderabad,Rising Pune Supergiants,Rising Pune Supergiants,field,Rising Pune Supergiants,runs,34,61,11,N,D/L,AY Dandekar,CK Nandan
980945,Delhi,27-04-2016,Match 23,CH Morris,NULL,NULL,Feroz Shah Kotla,Delhi Daredevils,Gujarat Lions,Delhi Daredevils,field,Gujarat Lions,runs,1,173,20,N,NA,M Erasmus,S Ravi
980947,Mumbai,28-04-2016,Match 24,RG Sharma,483,NULL,Wankhede Stadium,Mumbai Indians,Kolkata Knight Riders,Mumbai Indians,field,Mumbai Indians,wickets,6,175,20,N,NA,Nitin Menon,RJ Tucker
980949,Pune,29-04-2016,Match 25,DR Smith,186,NULL,Maharashtra Cricket Association Stadium,Rising Pune Supergiants,Gujarat Lions,Gujarat Lions,field,Gujarat Lions,wickets,3,196,20,N,NA,CB Gaffaney,BNJ Oxenford
980951,Delhi,30-04-2016,Match 26,CR Brathwaite,120,NULL,Feroz Shah Kotla,Delhi Daredevils,Kolkata Knight Riders,Kolkata Knight Riders,field,Delhi Daredevils,runs,27,187,20,N,NA,KN Ananthapadmanabhan,M Erasmus
980953,Hyderabad,30-04-2016,Match 27,DA Warner,154,NULL,"Rajiv Gandhi International Stadium, Uppal",Sunrisers Hyderabad,Royal Challengers Bangalore,Royal Challengers Bangalore,field,Sunrisers Hyderabad,runs,15,195,20,N,NA,AK Chaudhary,HDPK Dharmasena
980955,Rajkot,01-05-2016,Match 28,AR Patel,NULL,57,Saurashtra Cricket Association Stadium,Gujarat Lions,Kings XI Punjab,Gujarat Lions,field,Kings XI Punjab,runs,23,155,20,N,NA,BNJ Oxenford,VK Sharma
980957,Pune,01-05-2016,Match 29,RG Sharma,483,NULL,Maharashtra Cricket Association Stadium,Rising Pune Supergiants,Mumbai Indians,Mumbai Indians,field,Mumbai Indians,wickets,8,160,20,N,NA,AY Dandekar,RJ Tucker
980959,Bangalore,02-05-2016,Match 30,AD Russell,49,NULL,M Chinnaswamy Stadium,Royal Challengers Bangalore,Kolkata Knight Riders,Kolkata Knight Riders,field,Kolkata Knight Riders,wickets,5,186,20,N,NA,M Erasmus,S Ravi
980961,Rajkot,03-05-2016,Match 31,RR Pant,474,NULL,Saurashtra Cricket Association Stadium,Gujarat Lions,Delhi Daredevils,Delhi Daredevils,field,Delhi Daredevils,wickets,8,150,20,N,NA,CB Gaffaney,BNJ Oxenford
980963,Kolkata,04-05-2016,Match 32,AD Russell,49,NULL,Eden Gardens,Kolkata Knight Riders,Kings XI Punjab,Kings XI Punjab,field,Kolkata Knight Riders,runs,7,165,20,N,NA,AK Chaudhary,HDPK Dharmasena
980965,Delhi,05-05-2016,Match 33,AM Rahane,28,NULL,Feroz Shah Kotla,Delhi Daredevils,Rising Pune Supergiants,Rising Pune Supergiants,field,Rising Pune Supergiants,wickets,7,163,20,N,NA,C Shamshuddin,RJ Tucker
980967,Hyderabad,06-05-2016,Match 34,B Kumar,NULL,70,"Rajiv Gandhi International Stadium, Uppal",Sunrisers Hyderabad,Gujarat Lions,Sunrisers Hyderabad,field,Sunrisers Hyderabad,wickets,5,127,20,N,NA,M Erasmus,S Ravi
980969,Bangalore,07-05-2016,Match 35,V Kohli,635,NULL,M Chinnaswamy Stadium,Royal Challengers Bangalore,Rising Pune Supergiants,Royal Challengers Bangalore,field,Royal Challengers Bangalore,wickets,7,192,20,N,NA,CB Gaffaney,BNJ Oxenford
980971,Chandigarh,07-05-2016,Match 36,MP Stoinis,337,NULL,"Punjab Cricket Association IS Bindra Stadium, Mohali",Kings XI Punjab,Delhi Daredevils,Delhi Daredevils,field,Kings XI Punjab,runs,9,182,20,N,NA,HDPK Dharmasena,CK Nandan
980973,Visakhapatnam,08-05-2016,Match 37,A Nehra,NULL,47,Dr. Y.S. Rajasekhara Reddy ACA-VDCA Cricket Stadium,Mumbai Indians,Sunrisers Hyderabad,Mumbai Indians,field,Sunrisers Hyderabad,runs,85,178,20,N,NA,S Ravi,C Shamshuddin
980975,Kolkata,08-05-2016,Match 38,P Kumar,NULL,294,Eden Gardens,Kolkata Knight Riders,Gujarat Lions,Gujarat Lions,field,Gujarat Lions,wickets,5,159,20,N,NA,M Erasmus,RJ Tucker
980977,Chandigarh,09-05-2016,Match 39,SR Watson,529,NULL,"Punjab Cricket Association IS Bindra Stadium, Mohali",Kings XI Punjab,Royal Challengers Bangalore,Kings XI Punjab,field,Royal Challengers Bangalore,runs,1,176,20,N,NA,AK Chaudhary,HDPK Dharmasena
980979,Visakhapatnam,10-05-2016,Match 40,A Zampa,NULL,10,Dr. Y.S. Rajasekhara Reddy ACA-VDCA Cricket Stadium,Rising Pune Supergiants,Sunrisers Hyderabad,Sunrisers Hyderabad,bat,Sunrisers Hyderabad,runs,4,138,20,N,NA,CB Gaffaney,VK Sharma
980981,Bangalore,11-05-2016,Match 41,KH Pandya,296,NULL,M Chinnaswamy Stadium,Royal Challengers Bangalore,Mumbai Indians,Mumbai Indians,field,Mumbai Indians,wickets,6,152,20,N,NA,AY Dandekar,C Shamshuddin
980983,Hyderabad,12-05-2016,Match 42,CH Morris,NULL,NULL,"Rajiv Gandhi International Stadium, Uppal",Sunrisers Hyderabad,Delhi Daredevils,Delhi Daredevils,field,Delhi Daredevils,wickets,7,147,20,N,NA,K Bharatan,M Erasmus
980985,Visakhapatnam,13-05-2016,Match 43,MP Stoinis,337,NULL,Dr. Y.S. Rajasekhara Reddy ACA-VDCA Cricket Stadium,Mumbai Indians,Kings XI Punjab,Mumbai Indians,bat,Kings XI Punjab,wickets,7,125,20,N,NA,HDPK Dharmasena,CK Nandan
980987,Bangalore,14-05-2016,Match 44,AB de Villiers,3,NULL,M Chinnaswamy Stadium,Royal Challengers Bangalore,Gujarat Lions,Gujarat Lions,field,Royal Challengers Bangalore,runs,144,249,20,N,NA,AY Dandekar,VK Sharma
980989,Kolkata,14-05-2016,Match 45,YK Pathan,658,NULL,Eden Gardens,Kolkata Knight Riders,Rising Pune Supergiants,Rising Pune Supergiants,bat,Kolkata Knight Riders,wickets,8,66,9,N,D/L,A Nand Kishore,BNJ Oxenford
980991,Chandigarh,15-05-2016,Match 46,HM Amla,219,NULL,"Punjab Cricket Association IS Bindra Stadium, Mohali",Kings XI Punjab,Sunrisers Hyderabad,Kings XI Punjab,bat,Sunrisers Hyderabad,wickets,7,180,20,N,NA,KN Ananthapadmanabhan,M Erasmus
980993,Visakhapatnam,15-05-2016,Match 47,KH Pandya,296,NULL,Dr. Y.S. Rajasekhara Reddy ACA-VDCA Cricket Stadium,Mumbai Indians,Delhi Daredevils,Delhi Daredevils,field,Mumbai Indians,runs,80,207,20,N,NA,Nitin Menon,CK Nandan
980995,Kolkata,16-05-2016,Match 48,V Kohli,635,NULL,Eden Gardens,Kolkata Knight Riders,Royal Challengers Bangalore,Royal Challengers Bangalore,field,Royal Challengers Bangalore,wickets,9,184,20,N,NA,CB Gaffaney,A Nand Kishore
980997,Visakhapatnam,17-05-2016,Match 49,AB Dinda,NULL,50,Dr. Y.S. Rajasekhara Reddy ACA-VDCA Cricket Stadium,Rising Pune Supergiants,Delhi Daredevils,Rising Pune Supergiants,field,Rising Pune Supergiants,runs,19,58,11,N,D/L,Nitin Menon,C Shamshuddin
980999,Bangalore,18-05-2016,Match 50,V Kohli,635,NULL,M Chinnaswamy Stadium,Royal Challengers Bangalore,Kings XI Punjab,Kings XI Punjab,field,Royal Challengers Bangalore,runs,82,203,14,N,D/L,KN Ananthapadmanabhan,M Erasmus
981001,Kanpur,19-05-2016,Match 51,DR Smith,186,NULL,Green Park,Gujarat Lions,Kolkata Knight Riders,Gujarat Lions,field,Gujarat Lions,wickets,6,125,20,N,NA,AK Chaudhary,CK Nandan
981003,Raipur,20-05-2016,Match 52,KK Nair,282,NULL,Shaheed Veer Narayan Singh International Stadium,Delhi Daredevils,Sunrisers Hyderabad,Delhi Daredevils,field,Delhi Daredevils,wickets,6,159,20,N,NA,A Nand Kishore,BNJ Oxenford
981005,Visakhapatnam,21-05-2016,Match 53,MS Dhoni,375,NULL,Dr. Y.S. Rajasekhara Reddy ACA-VDCA Cricket Stadium,Rising Pune Supergiants,Kings XI Punjab,Kings XI Punjab,bat,Rising Pune Supergiants,wickets,4,173,20,N,NA,HDPK Dharmasena,Nitin Menon
981007,Kanpur,21-05-2016,Match 54,SK Raina,584,NULL,Green Park,Gujarat Lions,Mumbai Indians,Gujarat Lions,field,Gujarat Lions,wickets,6,173,20,N,NA,AK Chaudhary,CK Nandan
981009,Kolkata,22-05-2016,Match 55,YK Pathan,658,NULL,Eden Gardens,Kolkata Knight Riders,Sunrisers Hyderabad,Sunrisers Hyderabad,field,Kolkata Knight Riders,runs,22,172,20,N,NA,KN Ananthapadmanabhan,M Erasmus
981011,Raipur,22-05-2016,Match 56,V Kohli,635,NULL,Shaheed Veer Narayan Singh International Stadium,Delhi Daredevils,Royal Challengers Bangalore,Royal Challengers Bangalore,field,Royal Challengers Bangalore,wickets,6,139,20,N,NA,A Nand Kishore,BNJ Oxenford
981013,Bangalore,24-05-2016,Qualifier 1,AB de Villiers,3,NULL,M Chinnaswamy Stadium,Gujarat Lions,Royal Challengers Bangalore,Royal Challengers Bangalore,field,Royal Challengers Bangalore,wickets,4,159,20,N,NA,AK Chaudhary,HDPK Dharmasena
981015,Delhi,25-05-2016,Elimination Final,MC Henriques,373,NULL,Feroz Shah Kotla,Sunrisers Hyderabad,Kolkata Knight Riders,Kolkata Knight Riders,field,Sunrisers Hyderabad,runs,22,163,20,N,NA,M Erasmus,C Shamshuddin
981017,Delhi,27-05-2016,Qualifier 2,DA Warner,154,NULL,Feroz Shah Kotla,Gujarat Lions,Sunrisers Hyderabad,Sunrisers Hyderabad,field,Sunrisers Hyderabad,wickets,4,163,20,N,NA,M Erasmus,CK Nandan
981019,Bangalore,29-05-2016,Final,BCJ Cutting,NULL,64,M Chinnaswamy Stadium,Royal Challengers Bangalore,Sunrisers Hyderabad,Sunrisers Hyderabad,bat,Sunrisers Hyderabad,runs,8,209,20,N,NA,HDPK Dharmasena,BNJ Oxenford
1082591,Hyderabad,05-04-2017,Match 1,Yuvraj Singh,659,NULL,"Rajiv Gandhi International Stadium, Uppal",Sunrisers Hyderabad,Royal Challengers Bangalore,Royal Challengers Bangalore,field,Sunrisers Hyderabad,runs,35,208,20,N,NA,AY Dandekar,NJ Llong
1082592,Pune,06-04-2017,Match 2,SPD Smith,573,NULL,Maharashtra Cricket Association Stadium,Rising Pune Supergiant,Mumbai Indians,Rising Pune Supergiant,field,Rising Pune Supergiant,wickets,7,185,20,N,NA,A Nand Kishore,S Ravi
1082593,Rajkot,07-04-2017,Match 3,CA Lynn,131,NULL,Saurashtra Cricket Association Stadium,Gujarat Lions,Kolkata Knight Riders,Kolkata Knight Riders,field,Kolkata Knight Riders,wickets,10,184,20,N,NA,Nitin Menon,CK Nandan
1082594,Indore,08-04-2017,Match 4,GJ Maxwell,199,NULL,Holkar Cricket Stadium,Kings XI Punjab,Rising Pune Supergiant,Kings XI Punjab,field,Kings XI Punjab,wickets,6,164,20,N,NA,AK Chaudhary,C Shamshuddin
1082595,Bengaluru,08-04-2017,Match 5,KM Jadhav,284,NULL,M.Chinnaswamy Stadium,Royal Challengers Bangalore,Delhi Daredevils,Royal Challengers Bangalore,bat,Royal Challengers Bangalore,runs,15,158,20,N,NA,S Ravi,VK Sharma
1082596,Hyderabad,09-04-2017,Match 6,Rashid Khan,NULL,307,"Rajiv Gandhi International Stadium, Uppal",Sunrisers Hyderabad,Gujarat Lions,Sunrisers Hyderabad,field,Sunrisers Hyderabad,wickets,9,136,20,N,NA,A Deshmukh,NJ Llong
1082597,Mumbai,09-04-2017,Match 7,N Rana,402,NULL,Wankhede Stadium,Mumbai Indians,Kolkata Knight Riders,Mumbai Indians,field,Mumbai Indians,wickets,4,179,20,N,NA,Nitin Menon,CK Nandan
1082598,Indore,10-04-2017,Match 8,AR Patel,NULL,57,Holkar Cricket Stadium,Kings XI Punjab,Royal Challengers Bangalore,Royal Challengers Bangalore,bat,Kings XI Punjab,wickets,8,149,20,N,NA,AK Chaudhary,C Shamshuddin
1082599,Pune,11-04-2017,Match 9,SV Samson,510,NULL,Maharashtra Cricket Association Stadium,Rising Pune Supergiant,Delhi Daredevils,Rising Pune Supergiant,field,Delhi Daredevils,runs,97,206,20,N,NA,AY Dandekar,S Ravi
1082600,Mumbai,12-04-2017,Match 10,JJ Bumrah,247,NULL,Wankhede Stadium,Mumbai Indians,Sunrisers Hyderabad,Mumbai Indians,field,Mumbai Indians,wickets,4,159,20,N,NA,Nitin Menon,CK Nandan
1082601,Kolkata,13-04-2017,Match 11,SP Narine,NULL,387,Eden Gardens,Kolkata Knight Riders,Kings XI Punjab,Kolkata Knight Riders,field,Kolkata Knight Riders,wickets,8,171,20,N,NA,A Deshmukh,NJ Llong
1082602,Bangalore,14-04-2017,Match 12,KA Pollard,291,NULL,M Chinnaswamy Stadium,Royal Challengers Bangalore,Mumbai Indians,Mumbai Indians,field,Mumbai Indians,wickets,4,143,20,N,NA,KN Ananthapadmanabhan,AK Chaudhary
1082603,Rajkot,14-04-2017,Match 13,AJ Tye,NULL,32,Saurashtra Cricket Association Stadium,Gujarat Lions,Rising Pune Supergiant,Gujarat Lions,field,Gujarat Lions,wickets,7,172,20,N,NA,A Nand Kishore,S Ravi
1082604,Kolkata,15-04-2017,Match 14,RV Uthappa,479,NULL,Eden Gardens,Kolkata Knight Riders,Sunrisers Hyderabad,Sunrisers Hyderabad,field,Kolkata Knight Riders,runs,17,173,20,N,NA,AY Dandekar,NJ Llong
1082605,Delhi,15-04-2017,Match 15,CJ Anderson,NULL,92,Feroz Shah Kotla,Delhi Daredevils,Kings XI Punjab,Delhi Daredevils,bat,Delhi Daredevils,runs,51,189,20,N,NA,YC Barde,Nitin Menon
1082606,Mumbai,16-04-2017,Match 16,N Rana,402,NULL,Wankhede Stadium,Mumbai Indians,Gujarat Lions,Mumbai Indians,field,Mumbai Indians,wickets,6,177,20,N,NA,A Nand Kishore,S Ravi
1082607,Bangalore,16-04-2017,Match 17,BA Stokes,102,NULL,M Chinnaswamy Stadium,Royal Challengers Bangalore,Rising Pune Supergiant,Royal Challengers Bangalore,field,Rising Pune Supergiant,runs,27,162,20,N,NA,KN Ananthapadmanabhan,C Shamshuddin
1082608,Delhi,17-04-2017,Match 18,NM Coulter-Nile,NULL,260,Feroz Shah Kotla,Delhi Daredevils,Kolkata Knight Riders,Delhi Daredevils,bat,Kolkata Knight Riders,wickets,4,169,20,N,NA,Nitin Menon,CK Nandan
1082609,Hyderabad,17-04-2017,Match 19,B Kumar,NULL,70,"Rajiv Gandhi International Stadium, Uppal",Sunrisers Hyderabad,Kings XI Punjab,Kings XI Punjab,field,Sunrisers Hyderabad,runs,5,160,20,N,NA,AY Dandekar,A Deshmukh
1082610,Rajkot,18-04-2017,Match 20,CH Gayle,129,NULL,Saurashtra Cricket Association Stadium,Gujarat Lions,Royal Challengers Bangalore,Gujarat Lions,field,Royal Challengers Bangalore,runs,21,214,20,N,NA,S Ravi,VK Sharma
1082611,Hyderabad,19-04-2017,Match 21,KS Williamson,276,NULL,"Rajiv Gandhi International Stadium, Uppal",Sunrisers Hyderabad,Delhi Daredevils,Sunrisers Hyderabad,bat,Sunrisers Hyderabad,runs,15,192,20,N,NA,CB Gaffaney,NJ Llong
1082612,Indore,20-04-2017,Match 22,JC Buttler,264,NULL,Holkar Cricket Stadium,Kings XI Punjab,Mumbai Indians,Mumbai Indians,field,Mumbai Indians,wickets,8,199,20,N,NA,M Erasmus,C Shamshuddin
1082613,Kolkata,21-04-2017,Match 23,SK Raina,584,NULL,Eden Gardens,Kolkata Knight Riders,Gujarat Lions,Gujarat Lions,field,Gujarat Lions,wickets,4,188,20,N,NA,CB Gaffaney,Nitin Menon
1082614,Mumbai,22-04-2017,Match 24,MJ McClenaghan,NULL,398,Wankhede Stadium,Mumbai Indians,Delhi Daredevils,Delhi Daredevils,field,Mumbai Indians,runs,14,143,20,N,NA,A Nand Kishore,S Ravi
1082615,Pune,22-04-2017,Match 25,MS Dhoni,375,NULL,Maharashtra Cricket Association Stadium,Rising Pune Supergiant,Sunrisers Hyderabad,Rising Pune Supergiant,field,Rising Pune Supergiant,wickets,6,177,20,N,NA,AY Dandekar,A Deshmukh
1082616,Rajkot,23-04-2017,Match 26,HM Amla,219,NULL,Saurashtra Cricket Association Stadium,Gujarat Lions,Kings XI Punjab,Gujarat Lions,field,Kings XI Punjab,runs,26,189,20,N,NA,AK Chaudhary,M Erasmus
1082617,Kolkata,23-04-2017,Match 27,NM Coulter-Nile,NULL,260,Eden Gardens,Kolkata Knight Riders,Royal Challengers Bangalore,Royal Challengers Bangalore,field,Kolkata Knight Riders,runs,82,132,20,N,NA,CB Gaffaney,CK Nandan
1082618,Mumbai,24-04-2017,Match 28,BA Stokes,102,NULL,Wankhede Stadium,Mumbai Indians,Rising Pune Supergiant,Mumbai Indians,field,Rising Pune Supergiant,runs,3,161,20,N,NA,A Nand Kishore,S Ravi
1082620,Pune,26-04-2017,Match 29,RV Uthappa,479,NULL,Maharashtra Cricket Association Stadium,Rising Pune Supergiant,Kolkata Knight Riders,Kolkata Knight Riders,field,Kolkata Knight Riders,wickets,7,183,20,N,NA,AY Dandekar,NJ Llong
1082621,Bangalore,27-04-2017,Match 30,AJ Tye,NULL,32,M Chinnaswamy Stadium,Royal Challengers Bangalore,Gujarat Lions,Gujarat Lions,field,Gujarat Lions,wickets,7,135,20,N,NA,AK Chaudhary,C Shamshuddin
1082622,Kolkata,28-04-2017,Match 31,G Gambhir,195,NULL,Eden Gardens,Kolkata Knight Riders,Delhi Daredevils,Kolkata Knight Riders,field,Kolkata Knight Riders,wickets,7,161,20,N,NA,NJ Llong,S Ravi
1082623,Chandigarh,28-04-2017,Match 32,Rashid Khan,NULL,307,"Punjab Cricket Association IS Bindra Stadium, Mohali",Kings XI Punjab,Sunrisers Hyderabad,Kings XI Punjab,field,Sunrisers Hyderabad,runs,26,208,20,N,NA,Nitin Menon,CK Nandan
1082624,Pune,29-04-2017,Match 33,LH Ferguson,NULL,217,Maharashtra Cricket Association Stadium,Rising Pune Supergiant,Royal Challengers Bangalore,Royal Challengers Bangalore,field,Rising Pune Supergiant,runs,61,158,20,N,NA,KN Ananthapadmanabhan,M Erasmus
1082625,Rajkot,29-04-2017,Match 34,KH Pandya,296,NULL,Saurashtra Cricket Association Stadium,Gujarat Lions,Mumbai Indians,Gujarat Lions,bat,Mumbai Indians,tie,NA,154,20,Y,NA,AK Chaudhary,CB Gaffaney
1082626,Chandigarh,30-04-2017,Match 35,Sandeep Sharma,NULL,338,"Punjab Cricket Association IS Bindra Stadium, Mohali",Kings XI Punjab,Delhi Daredevils,Kings XI Punjab,field,Kings XI Punjab,wickets,10,68,20,N,NA,YC Barde,CK Nandan
1082627,Hyderabad,30-04-2017,Match 36,DA Warner,154,NULL,"Rajiv Gandhi International Stadium, Uppal",Sunrisers Hyderabad,Kolkata Knight Riders,Kolkata Knight Riders,field,Sunrisers Hyderabad,runs,48,210,20,N,NA,AY Dandekar,S Ravi
1082628,Mumbai,01-05-2017,Match 37,RG Sharma,483,NULL,Wankhede Stadium,Mumbai Indians,Royal Challengers Bangalore,Royal Challengers Bangalore,bat,Mumbai Indians,wickets,5,163,20,N,NA,AK Chaudhary,CB Gaffaney
1082629,Pune,01-05-2017,Match 38,BA Stokes,102,NULL,Maharashtra Cricket Association Stadium,Rising Pune Supergiant,Gujarat Lions,Rising Pune Supergiant,field,Rising Pune Supergiant,wickets,5,162,20,N,NA,M Erasmus,C Shamshuddin
1082630,Delhi,02-05-2017,Match 39,Mohammed Shami,NULL,244,Feroz Shah Kotla,Delhi Daredevils,Sunrisers Hyderabad,Delhi Daredevils,field,Delhi Daredevils,wickets,6,186,20,N,NA,YC Barde,Nitin Menon
1082631,Kolkata,03-05-2017,Match 40,RA Tripathi,447,NULL,Eden Gardens,Kolkata Knight Riders,Rising Pune Supergiant,Rising Pune Supergiant,field,Rising Pune Supergiant,wickets,4,156,20,N,NA,KN Ananthapadmanabhan,A Nand Kishore
1082632,Delhi,04-05-2017,Match 41,RR Pant,474,NULL,Feroz Shah Kotla,Delhi Daredevils,Gujarat Lions,Delhi Daredevils,field,Delhi Daredevils,wickets,7,209,20,N,NA,M Erasmus,Nitin Menon
1082633,Bangalore,05-05-2017,Match 42,Sandeep Sharma,NULL,338,M Chinnaswamy Stadium,Royal Challengers Bangalore,Kings XI Punjab,Royal Challengers Bangalore,field,Kings XI Punjab,runs,19,139,20,N,NA,CB Gaffaney,C Shamshuddin
1082634,Hyderabad,06-05-2017,Match 43,JD Unadkat,NULL,167,"Rajiv Gandhi International Stadium, Uppal",Sunrisers Hyderabad,Rising Pune Supergiant,Sunrisers Hyderabad,field,Rising Pune Supergiant,runs,12,149,20,N,NA,KN Ananthapadmanabhan,AK Chaudhary
1082635,Delhi,06-05-2017,Match 44,LMP Simmons,311,NULL,Feroz Shah Kotla,Delhi Daredevils,Mumbai Indians,Delhi Daredevils,field,Mumbai Indians,runs,146,213,20,N,NA,Nitin Menon,CK Nandan
1082636,Bangalore,07-05-2017,Match 45,SP Narine,NULL,387,M Chinnaswamy Stadium,Royal Challengers Bangalore,Kolkata Knight Riders,Kolkata Knight Riders,field,Kolkata Knight Riders,wickets,6,159,20,N,NA,AY Dandekar,C Shamshuddin
1082637,Chandigarh,07-05-2017,Match 46,DR Smith,186,NULL,"Punjab Cricket Association IS Bindra Stadium, Mohali",Kings XI Punjab,Gujarat Lions,Gujarat Lions,field,Gujarat Lions,wickets,6,190,20,N,NA,A Nand Kishore,VK Sharma
1082638,Hyderabad,08-05-2017,Match 47,S Dhawan,539,NULL,"Rajiv Gandhi International Stadium, Uppal",Sunrisers Hyderabad,Mumbai Indians,Mumbai Indians,bat,Sunrisers Hyderabad,wickets,7,139,20,N,NA,KN Ananthapadmanabhan,M Erasmus
1082639,Chandigarh,09-05-2017,Match 48,MM Sharma,NULL,246,"Punjab Cricket Association IS Bindra Stadium, Mohali",Kings XI Punjab,Kolkata Knight Riders,Kolkata Knight Riders,field,Kings XI Punjab,runs,14,168,20,N,NA,A Nand Kishore,S Ravi
1082640,Kanpur,10-05-2017,Match 49,SS Iyer,553,NULL,Green Park,Gujarat Lions,Delhi Daredevils,Delhi Daredevils,field,Delhi Daredevils,wickets,2,196,20,N,NA,YC Barde,AK Chaudhary
1082641,Mumbai,11-05-2017,Match 50,WP Saha,648,NULL,Wankhede Stadium,Mumbai Indians,Kings XI Punjab,Mumbai Indians,field,Kings XI Punjab,runs,7,231,20,N,NA,A Deshmukh,A Nand Kishore
1082642,Delhi,12-05-2017,Match 51,KK Nair,282,NULL,Feroz Shah Kotla,Delhi Daredevils,Rising Pune Supergiant,Delhi Daredevils,bat,Delhi Daredevils,runs,7,169,20,N,NA,KN Ananthapadmanabhan,CK Nandan
1082643,Kanpur,13-05-2017,Match 52,Mohammed Siraj,NULL,245,Green Park,Gujarat Lions,Sunrisers Hyderabad,Sunrisers Hyderabad,field,Sunrisers Hyderabad,wickets,8,155,20,N,NA,AK Chaudhary,Nitin Menon
1082644,Kolkata,13-05-2017,Match 53,AT Rayudu,44,NULL,Eden Gardens,Kolkata Knight Riders,Mumbai Indians,Kolkata Knight Riders,field,Mumbai Indians,runs,9,174,20,N,NA,A Nand Kishore,S Ravi
1082645,Pune,14-05-2017,Match 54,JD Unadkat,NULL,167,Maharashtra Cricket Association Stadium,Rising Pune Supergiant,Kings XI Punjab,Rising Pune Supergiant,field,Rising Pune Supergiant,wickets,9,74,20,N,NA,AY Dandekar,A Deshmukh
1082646,Delhi,14-05-2017,Match 55,HV Patel,NULL,142,Feroz Shah Kotla,Delhi Daredevils,Royal Challengers Bangalore,Royal Challengers Bangalore,bat,Royal Challengers Bangalore,runs,10,162,20,N,NA,CK Nandan,C Shamshuddin
1082647,Mumbai,16-05-2017,Qualifier 1,Washington Sundar,NULL,434,Wankhede Stadium,Mumbai Indians,Rising Pune Supergiant,Mumbai Indians,field,Rising Pune Supergiant,runs,20,163,20,N,NA,S Ravi,C Shamshuddin
1082648,Bangalore,17-05-2017,Eliminator,NM Coulter-Nile,NULL,260,M Chinnaswamy Stadium,Sunrisers Hyderabad,Kolkata Knight Riders,Kolkata Knight Riders,field,Kolkata Knight Riders,wickets,7,48,6,N,D/L,AK Chaudhary,Nitin Menon
1082649,Bangalore,19-05-2017,Qualifier 2,KV Sharma,NULL,187,M Chinnaswamy Stadium,Mumbai Indians,Kolkata Knight Riders,Mumbai Indians,field,Mumbai Indians,wickets,6,108,20,N,NA,NJ Llong,Nitin Menon
1082650,Hyderabad,21-05-2017,Final,KH Pandya,296,NULL,"Rajiv Gandhi International Stadium, Uppal",Mumbai Indians,Rising Pune Supergiant,Mumbai Indians,bat,Mumbai Indians,runs,1,130,20,N,NA,NJ Llong,S Ravi
1136561,Mumbai,07-04-2018,Match 1,DJ Bravo,146,NULL,Wankhede Stadium,Mumbai Indians,Chennai Super Kings,Chennai Super Kings,field,Chennai Super Kings,wickets,1,166,20,N,NA,CB Gaffaney,A Nand Kishore
1136562,Chandigarh,08-04-2018,Match 2,KL Rahul,269,NULL,Punjab Cricket Association IS Bindra Stadium,Delhi Daredevils,Kings XI Punjab,Kings XI Punjab,field,Kings XI Punjab,wickets,6,167,20,N,NA,KN Ananthapadmanabhan,RJ Tucker
1136563,Kolkata,08-04-2018,Match 3,SP Narine,NULL,387,Eden Gardens,Royal Challengers Bangalore,Kolkata Knight Riders,Kolkata Knight Riders,field,Kolkata Knight Riders,wickets,4,177,20,N,NA,A Deshmukh,C Shamshuddin
1136564,Hyderabad,09-04-2018,Match 4,S Dhawan,539,NULL,Rajiv Gandhi International Stadium,Rajasthan Royals,Sunrisers Hyderabad,Sunrisers Hyderabad,field,Sunrisers Hyderabad,wickets,9,126,20,N,NA,NJ Llong,VA Kulkarni
1136565,Chennai,10-04-2018,Match 5,SW Billings,502,NULL,MA Chidambaram Stadium,Kolkata Knight Riders,Chennai Super Kings,Chennai Super Kings,field,Chennai Super Kings,wickets,5,203,20,N,NA,AK Chaudhary,CB Gaffaney
1136566,Jaipur,11-04-2018,Match 6,SV Samson,510,NULL,Sawai Mansingh Stadium,Rajasthan Royals,Delhi Daredevils,Delhi Daredevils,field,Rajasthan Royals,runs,10,71,6,N,D/L,KN Ananthapadmanabhan,Nitin Menon
1136567,Hyderabad,12-04-2018,Match 7,Rashid Khan,NULL,307,Rajiv Gandhi International Stadium,Mumbai Indians,Sunrisers Hyderabad,Sunrisers Hyderabad,field,Sunrisers Hyderabad,wickets,1,148,20,N,NA,CK Nandan,NJ Llong
1136568,Bengaluru,13-04-2018,Match 8,UT Yadav,NULL,415,M.Chinnaswamy Stadium,Kings XI Punjab,Royal Challengers Bangalore,Royal Challengers Bangalore,field,Royal Challengers Bangalore,wickets,4,156,20,N,NA,A Deshmukh,S Ravi
1136569,Mumbai,14-04-2018,Match 9,JJ Roy,246,NULL,Wankhede Stadium,Mumbai Indians,Delhi Daredevils,Delhi Daredevils,field,Delhi Daredevils,wickets,7,195,20,N,NA,KN Ananthapadmanabhan,Nitin Menon
1136570,Kolkata,14-04-2018,Match 10,B Stanlake,NULL,71,Eden Gardens,Kolkata Knight Riders,Sunrisers Hyderabad,Sunrisers Hyderabad,field,Sunrisers Hyderabad,wickets,5,139,20,N,NA,AK Chaudhary,A Nand Kishore
1136571,Bengaluru,15-04-2018,Match 11,SV Samson,510,NULL,M.Chinnaswamy Stadium,Rajasthan Royals,Royal Challengers Bangalore,Royal Challengers Bangalore,field,Rajasthan Royals,runs,19,218,20,N,NA,C Shamshuddin,S Ravi
1136572,Chandigarh,15-04-2018,Match 12,CH Gayle,129,NULL,Punjab Cricket Association IS Bindra Stadium,Kings XI Punjab,Chennai Super Kings,Chennai Super Kings,field,Kings XI Punjab,runs,4,198,20,N,NA,CK Nandan,VA Kulkarni
1136573,Kolkata,16-04-2018,Match 13,N Rana,402,NULL,Eden Gardens,Kolkata Knight Riders,Delhi Daredevils,Delhi Daredevils,field,Kolkata Knight Riders,runs,71,201,20,N,NA,AK Chaudhary,A Nand Kishore
1136574,Mumbai,17-04-2018,Match 14,RG Sharma,483,NULL,Wankhede Stadium,Mumbai Indians,Royal Challengers Bangalore,Royal Challengers Bangalore,field,Mumbai Indians,runs,46,214,20,N,NA,Nitin Menon,RJ Tucker
1136575,Jaipur,18-04-2018,Match 15,N Rana,402,NULL,Sawai Mansingh Stadium,Rajasthan Royals,Kolkata Knight Riders,Kolkata Knight Riders,field,Kolkata Knight Riders,wickets,7,161,20,N,NA,A Deshmukh,S Ravi
1136576,Chandigarh,19-04-2018,Match 16,CH Gayle,129,NULL,Punjab Cricket Association IS Bindra Stadium,Kings XI Punjab,Sunrisers Hyderabad,Kings XI Punjab,bat,Kings XI Punjab,runs,15,194,20,N,NA,AK Chaudhary,NJ Llong
1136577,Pune,20-04-2018,Match 17,SR Watson,529,NULL,Maharashtra Cricket Association Stadium,Chennai Super Kings,Rajasthan Royals,Rajasthan Royals,field,Chennai Super Kings,runs,64,205,20,N,NA,KN Ananthapadmanabhan,Nitin Menon
1136578,Kolkata,21-04-2018,Match 18,KL Rahul,269,NULL,Eden Gardens,Kolkata Knight Riders,Kings XI Punjab,Kings XI Punjab,field,Kings XI Punjab,wickets,9,125,13,N,D/L,A Deshmukh,C Shamshuddin
1136579,Bengaluru,21-04-2018,Match 19,AB de Villiers,3,NULL,M.Chinnaswamy Stadium,Delhi Daredevils,Royal Challengers Bangalore,Royal Challengers Bangalore,field,Royal Challengers Bangalore,wickets,6,175,20,N,NA,CB Gaffaney,CK Nandan
1136580,Hyderabad,22-04-2018,Match 20,AT Rayudu,44,NULL,Rajiv Gandhi International Stadium,Chennai Super Kings,Sunrisers Hyderabad,Sunrisers Hyderabad,field,Chennai Super Kings,runs,4,183,20,N,NA,AK Chaudhary,VA Kulkarni
1136581,Jaipur,22-04-2018,Match 21,JC Archer,NULL,173,Sawai Mansingh Stadium,Mumbai Indians,Rajasthan Royals,Mumbai Indians,bat,Rajasthan Royals,wickets,3,168,20,N,NA,KN Ananthapadmanabhan,RJ Tucker
1136582,Delhi,23-04-2018,Match 22,AS Rajpoot,NULL,37,Arun Jaitley Stadium,Kings XI Punjab,Delhi Daredevils,Delhi Daredevils,field,Kings XI Punjab,runs,4,144,20,N,NA,A Nand Kishore,CK Nandan
1136583,Mumbai,24-04-2018,Match 23,Rashid Khan,NULL,307,Wankhede Stadium,Sunrisers Hyderabad,Mumbai Indians,Mumbai Indians,field,Sunrisers Hyderabad,runs,31,119,20,N,NA,C Shamshuddin,S Ravi
1136584,Bengaluru,25-04-2018,Match 24,MS Dhoni,375,NULL,M.Chinnaswamy Stadium,Royal Challengers Bangalore,Chennai Super Kings,Chennai Super Kings,field,Chennai Super Kings,wickets,5,206,20,N,NA,NJ Llong,VK Sharma
1136585,Hyderabad,26-04-2018,Match 25,AS Rajpoot,NULL,37,Rajiv Gandhi International Stadium,Sunrisers Hyderabad,Kings XI Punjab,Kings XI Punjab,field,Sunrisers Hyderabad,runs,13,133,20,N,NA,CK Nandan,YC Barde
1136586,Delhi,27-04-2018,Match 26,SS Iyer,553,NULL,Arun Jaitley Stadium,Delhi Daredevils,Kolkata Knight Riders,Kolkata Knight Riders,field,Delhi Daredevils,runs,55,220,20,N,NA,C Shamshuddin,S Ravi
1136587,Pune,28-04-2018,Match 27,RG Sharma,483,NULL,Maharashtra Cricket Association Stadium,Chennai Super Kings,Mumbai Indians,Mumbai Indians,field,Mumbai Indians,wickets,8,170,20,N,NA,CB Gaffaney,Nitin Menon
1136588,Jaipur,29-04-2018,Match 28,KS Williamson,276,NULL,Sawai Mansingh Stadium,Sunrisers Hyderabad,Rajasthan Royals,Sunrisers Hyderabad,bat,Sunrisers Hyderabad,runs,11,152,20,N,NA,BNJ Oxenford,A Nand Kishore
1136589,Bengaluru,29-04-2018,Match 29,CA Lynn,131,NULL,M.Chinnaswamy Stadium,Royal Challengers Bangalore,Kolkata Knight Riders,Kolkata Knight Riders,field,Kolkata Knight Riders,wickets,6,176,20,N,NA,AK Chaudhary,NJ Llong
1136590,Pune,30-04-2018,Match 30,SR Watson,529,NULL,Maharashtra Cricket Association Stadium,Chennai Super Kings,Delhi Daredevils,Delhi Daredevils,field,Chennai Super Kings,runs,13,212,20,N,NA,AY Dandekar,C Shamshuddin
1136591,Bengaluru,01-05-2018,Match 31,TG Southee,NULL,404,M.Chinnaswamy Stadium,Royal Challengers Bangalore,Mumbai Indians,Mumbai Indians,field,Royal Challengers Bangalore,runs,14,168,20,N,NA,M Erasmus,Nitin Menon
1136592,Delhi,02-05-2018,Match 32,RR Pant,474,NULL,Arun Jaitley Stadium,Delhi Daredevils,Rajasthan Royals,Rajasthan Royals,field,Delhi Daredevils,runs,4,151,12,N,D/L,CK Nandan,VK Sharma
1136593,Kolkata,03-05-2018,Match 33,SP Narine,NULL,387,Eden Gardens,Chennai Super Kings,Kolkata Knight Riders,Kolkata Knight Riders,field,Kolkata Knight Riders,wickets,6,178,20,N,NA,A Deshmukh,HDPK Dharmasena
1136594,Indore,04-05-2018,Match 34,SA Yadav,585,NULL,Holkar Cricket Stadium,Kings XI Punjab,Mumbai Indians,Mumbai Indians,field,Mumbai Indians,wickets,6,175,20,N,NA,AY Dandekar,S Ravi
1136595,Pune,05-05-2018,Match 35,RA Jadeja,NULL,313,Maharashtra Cricket Association Stadium,Royal Challengers Bangalore,Chennai Super Kings,Chennai Super Kings,field,Chennai Super Kings,wickets,6,128,20,N,NA,Nitin Menon,YC Barde
1136596,Hyderabad,05-05-2018,Match 36,Rashid Khan,NULL,307,Rajiv Gandhi International Stadium,Delhi Daredevils,Sunrisers Hyderabad,Delhi Daredevils,bat,Sunrisers Hyderabad,wickets,7,164,20,N,NA,BNJ Oxenford,CK Nandan
1136597,Mumbai,06-05-2018,Match 37,HH Pandya,209,NULL,Wankhede Stadium,Mumbai Indians,Kolkata Knight Riders,Kolkata Knight Riders,field,Mumbai Indians,runs,13,182,20,N,NA,A Deshmukh,HDPK Dharmasena
1136598,Indore,06-05-2018,Match 38,Mujeeb Ur Rahman,NULL,250,Holkar Cricket Stadium,Rajasthan Royals,Kings XI Punjab,Kings XI Punjab,field,Kings XI Punjab,wickets,6,153,20,N,NA,C Shamshuddin,S Ravi
1136599,Hyderabad,07-05-2018,Match 39,KS Williamson,276,NULL,Rajiv Gandhi International Stadium,Sunrisers Hyderabad,Royal Challengers Bangalore,Royal Challengers Bangalore,field,Sunrisers Hyderabad,runs,5,147,20,N,NA,BNJ Oxenford,VK Sharma
1136600,Jaipur,08-05-2018,Match 40,JC Buttler,264,NULL,Sawai Mansingh Stadium,Rajasthan Royals,Kings XI Punjab,Rajasthan Royals,bat,Rajasthan Royals,runs,15,159,20,N,NA,M Erasmus,Nitin Menon
1136601,Kolkata,09-05-2018,Match 41,Ishan Kishan,227,NULL,Eden Gardens,Mumbai Indians,Kolkata Knight Riders,Kolkata Knight Riders,field,Mumbai Indians,runs,102,211,20,N,NA,KN Ananthapadmanabhan,AK Chaudhary
1136602,Delhi,10-05-2018,Match 42,S Dhawan,539,NULL,Arun Jaitley Stadium,Delhi Daredevils,Sunrisers Hyderabad,Delhi Daredevils,bat,Sunrisers Hyderabad,wickets,9,188,20,N,NA,AY Dandekar,C Shamshuddin
1136603,Jaipur,11-05-2018,Match 43,JC Buttler,264,NULL,Sawai Mansingh Stadium,Chennai Super Kings,Rajasthan Royals,Chennai Super Kings,bat,Rajasthan Royals,wickets,4,177,20,N,NA,M Erasmus,YC Barde
1136604,Indore,12-05-2018,Match 44,SP Narine,NULL,387,Holkar Cricket Stadium,Kolkata Knight Riders,Kings XI Punjab,Kings XI Punjab,field,Kolkata Knight Riders,runs,31,246,20,N,NA,CK Nandan,VK Sharma
1136605,Delhi,12-05-2018,Match 45,AB de Villiers,3,NULL,Arun Jaitley Stadium,Delhi Daredevils,Royal Challengers Bangalore,Royal Challengers Bangalore,field,Royal Challengers Bangalore,wickets,5,182,20,N,NA,KN Ananthapadmanabhan,HDPK Dharmasena
1136606,Pune,13-05-2018,Match 46,AT Rayudu,44,NULL,Maharashtra Cricket Association Stadium,Sunrisers Hyderabad,Chennai Super Kings,Chennai Super Kings,field,Chennai Super Kings,wickets,8,180,20,N,NA,M Erasmus,YC Barde
1136607,Mumbai,13-05-2018,Match 47,JC Buttler,264,NULL,Wankhede Stadium,Mumbai Indians,Rajasthan Royals,Rajasthan Royals,field,Rajasthan Royals,wickets,7,169,20,N,NA,Nitin Menon,S Ravi
1136608,Indore,14-05-2018,Match 48,UT Yadav,NULL,415,Holkar Cricket Stadium,Kings XI Punjab,Royal Challengers Bangalore,Royal Challengers Bangalore,field,Royal Challengers Bangalore,wickets,10,89,20,N,NA,BNJ Oxenford,VK Sharma
1136609,Kolkata,15-05-2018,Match 49,Kuldeep Yadav,NULL,202,Eden Gardens,Rajasthan Royals,Kolkata Knight Riders,Kolkata Knight Riders,field,Kolkata Knight Riders,wickets,6,143,20,N,NA,AK Chaudhary,HDPK Dharmasena
1136610,Mumbai,16-05-2018,Match 50,JJ Bumrah,247,NULL,Wankhede Stadium,Mumbai Indians,Kings XI Punjab,Kings XI Punjab,field,Mumbai Indians,runs,3,187,20,N,NA,M Erasmus,Nitin Menon
1136611,Bengaluru,17-05-2018,Match 51,AB de Villiers,3,NULL,M.Chinnaswamy Stadium,Royal Challengers Bangalore,Sunrisers Hyderabad,Sunrisers Hyderabad,field,Royal Challengers Bangalore,runs,14,219,20,N,NA,AY Dandekar,S Ravi
1136612,Delhi,18-05-2018,Match 52,HV Patel,NULL,142,Arun Jaitley Stadium,Delhi Daredevils,Chennai Super Kings,Chennai Super Kings,field,Delhi Daredevils,runs,34,163,20,N,NA,HDPK Dharmasena,VA Kulkarni
1136613,Jaipur,19-05-2018,Match 53,S Gopal,NULL,302,Sawai Mansingh Stadium,Rajasthan Royals,Royal Challengers Bangalore,Rajasthan Royals,bat,Rajasthan Royals,runs,30,165,20,N,NA,BNJ Oxenford,VK Sharma
1136614,Hyderabad,19-05-2018,Match 54,CA Lynn,131,NULL,Rajiv Gandhi International Stadium,Sunrisers Hyderabad,Kolkata Knight Riders,Sunrisers Hyderabad,bat,Kolkata Knight Riders,wickets,5,173,20,N,NA,AK Chaudhary,S Ravi
1136615,Delhi,20-05-2018,Match 55,A Mishra,45,NULL,Arun Jaitley Stadium,Delhi Daredevils,Mumbai Indians,Delhi Daredevils,bat,Delhi Daredevils,runs,11,175,20,N,NA,HDPK Dharmasena,CK Nandan
1136616,Pune,20-05-2018,Match 56,L Ngidi,NULL,222,Maharashtra Cricket Association Stadium,Kings XI Punjab,Chennai Super Kings,Chennai Super Kings,field,Chennai Super Kings,wickets,5,154,20,N,NA,Nitin Menon,YC Barde
1136617,Mumbai,22-05-2018,Qualifier 1,F du Plessis,191,NULL,Wankhede Stadium,Sunrisers Hyderabad,Chennai Super Kings,Chennai Super Kings,field,Chennai Super Kings,wickets,2,140,20,N,NA,C Shamshuddin,M Erasmus
1136618,Kolkata,23-05-2018,Eliminator,AD Russell,49,NULL,Eden Gardens,Kolkata Knight Riders,Rajasthan Royals,Rajasthan Royals,field,Kolkata Knight Riders,runs,25,170,20,N,NA,AK Chaudhary,Nitin Menon
1136619,Kolkata,25-05-2018,Qualifier 2,Rashid Khan,NULL,307,Eden Gardens,Sunrisers Hyderabad,Kolkata Knight Riders,Kolkata Knight Riders,field,Sunrisers Hyderabad,runs,14,175,20,N,NA,HDPK Dharmasena,Nitin Menon
1136620,Mumbai,27-05-2018,Final,SR Watson,529,NULL,Wankhede Stadium,Sunrisers Hyderabad,Chennai Super Kings,Chennai Super Kings,field,Chennai Super Kings,wickets,8,179,20,N,NA,M Erasmus,S Ravi
1175356,Chennai,23-03-2019,Match 1,Harbhajan Singh,NULL,136,MA Chidambaram Stadium,Royal Challengers Bangalore,Chennai Super Kings,Chennai Super Kings,field,Chennai Super Kings,wickets,7,71,20,N,NA,AY Dandekar,BNJ Oxenford
1175357,Kolkata,24-03-2019,Match 2,AD Russell,49,NULL,Eden Gardens,Sunrisers Hyderabad,Kolkata Knight Riders,Kolkata Knight Riders,field,Kolkata Knight Riders,wickets,6,182,20,N,NA,AK Chaudhary,CB Gaffaney
1175358,Mumbai,24-03-2019,Match 3,RR Pant,474,NULL,Wankhede Stadium,Delhi Capitals,Mumbai Indians,Mumbai Indians,field,Delhi Capitals,runs,37,214,20,N,NA,S Ravi,YC Barde
1175359,Jaipur,25-03-2019,Match 4,CH Gayle,129,NULL,Sawai Mansingh Stadium,Kings XI Punjab,Rajasthan Royals,Rajasthan Royals,field,Kings XI Punjab,runs,14,185,20,N,NA,C Shamshuddin,KN Ananthapadmanabhan
1175360,Delhi,26-03-2019,Match 5,SR Watson,529,NULL,Arun Jaitley Stadium,Delhi Capitals,Chennai Super Kings,Delhi Capitals,bat,Chennai Super Kings,wickets,6,148,20,N,NA,M Erasmus,Nitin Menon
1175361,Kolkata,27-03-2019,Match 6,AD Russell,49,NULL,Eden Gardens,Kolkata Knight Riders,Kings XI Punjab,Kings XI Punjab,field,Kolkata Knight Riders,runs,28,219,20,N,NA,AK Chaudhary,VA Kulkarni
1175362,Bengaluru,28-03-2019,Match 7,JJ Bumrah,247,NULL,M.Chinnaswamy Stadium,Mumbai Indians,Royal Challengers Bangalore,Royal Challengers Bangalore,field,Mumbai Indians,runs,6,188,20,N,NA,CK Nandan,S Ravi
1175363,Hyderabad,29-03-2019,Match 8,Rashid Khan,NULL,307,Rajiv Gandhi International Stadium,Rajasthan Royals,Sunrisers Hyderabad,Rajasthan Royals,bat,Sunrisers Hyderabad,wickets,5,199,20,N,NA,BNJ Oxenford,C Shamshuddin
1175364,Chandigarh,30-03-2019,Match 9,MA Agarwal,346,NULL,Punjab Cricket Association IS Bindra Stadium,Mumbai Indians,Kings XI Punjab,Kings XI Punjab,field,Kings XI Punjab,wickets,8,177,20,N,NA,CB Gaffaney,VA Kulkarni
1175365,Delhi,30-03-2019,Match 10,PP Shaw,437,NULL,Arun Jaitley Stadium,Kolkata Knight Riders,Delhi Capitals,Delhi Capitals,field,Delhi Capitals,tie,NA,186,20,Y,NA,AY Dandekar,Nitin Menon
1175366,Hyderabad,31-03-2019,Match 11,JM Bairstow,263,NULL,Rajiv Gandhi International Stadium,Sunrisers Hyderabad,Royal Challengers Bangalore,Royal Challengers Bangalore,field,Sunrisers Hyderabad,runs,118,232,20,N,NA,KN Ananthapadmanabhan,S Ravi
1175367,Chennai,31-03-2019,Match 12,MS Dhoni,375,NULL,MA Chidambaram Stadium,Chennai Super Kings,Rajasthan Royals,Rajasthan Royals,field,Chennai Super Kings,runs,8,176,20,N,NA,CK Nandan,YC Barde
1175368,Chandigarh,01-04-2019,Match 13,SM Curran,503,NULL,Punjab Cricket Association IS Bindra Stadium,Kings XI Punjab,Delhi Capitals,Delhi Capitals,field,Kings XI Punjab,runs,14,167,20,N,NA,AK Chaudhary,CB Gaffaney
1175369,Jaipur,02-04-2019,Match 14,S Gopal,NULL,302,Sawai Mansingh Stadium,Royal Challengers Bangalore,Rajasthan Royals,Rajasthan Royals,field,Rajasthan Royals,wickets,7,159,20,N,NA,AY Dandekar,M Erasmus
1175370,Mumbai,03-04-2019,Match 15,HH Pandya,209,NULL,Wankhede Stadium,Mumbai Indians,Chennai Super Kings,Chennai Super Kings,field,Mumbai Indians,runs,37,171,20,N,NA,BNJ Oxenford,RJ Tucker
1175371,Delhi,04-04-2019,Match 16,JM Bairstow,263,NULL,Arun Jaitley Stadium,Delhi Capitals,Sunrisers Hyderabad,Sunrisers Hyderabad,field,Sunrisers Hyderabad,wickets,5,130,20,N,NA,C Shamshuddin,KN Ananthapadmanabhan
1175372,Bengaluru,05-04-2019,Match 17,AD Russell,49,NULL,M.Chinnaswamy Stadium,Royal Challengers Bangalore,Kolkata Knight Riders,Kolkata Knight Riders,field,Kolkata Knight Riders,wickets,5,206,20,N,NA,AK Chaudhary,CB Gaffaney
1178393,Chennai,06-04-2019,Match 18,Harbhajan Singh,NULL,136,MA Chidambaram Stadium,Chennai Super Kings,Kings XI Punjab,Chennai Super Kings,bat,Chennai Super Kings,runs,22,161,20,N,NA,KN Ananthapadmanabhan,RJ Tucker
1178394,Hyderabad,06-04-2019,Match 19,AS Joseph,NULL,25,Rajiv Gandhi International Stadium,Mumbai Indians,Sunrisers Hyderabad,Sunrisers Hyderabad,field,Mumbai Indians,runs,40,137,20,N,NA,AY Dandekar,Nitin Menon
1178395,Bengaluru,07-04-2019,Match 20,K Rabada,NULL,182,M.Chinnaswamy Stadium,Royal Challengers Bangalore,Delhi Capitals,Delhi Capitals,field,Delhi Capitals,wickets,4,150,20,N,NA,S Ravi,YC Barde
1178396,Jaipur,07-04-2019,Match 21,HF Gurney,NULL,144,Sawai Mansingh Stadium,Rajasthan Royals,Kolkata Knight Riders,Kolkata Knight Riders,field,Kolkata Knight Riders,wickets,8,140,20,N,NA,AK Chaudhary,CB Gaffaney
1178397,Chandigarh,08-04-2019,Match 22,KL Rahul,269,NULL,Punjab Cricket Association IS Bindra Stadium,Sunrisers Hyderabad,Kings XI Punjab,Kings XI Punjab,field,Kings XI Punjab,wickets,6,151,20,N,NA,AY Dandekar,M Erasmus
1178398,Chennai,09-04-2019,Match 23,DL Chahar,NULL,104,MA Chidambaram Stadium,Kolkata Knight Riders,Chennai Super Kings,Chennai Super Kings,field,Chennai Super Kings,wickets,7,109,20,N,NA,C Shamshuddin,RJ Tucker
1178399,Mumbai,10-04-2019,Match 24,KA Pollard,291,NULL,Wankhede Stadium,Kings XI Punjab,Mumbai Indians,Mumbai Indians,field,Mumbai Indians,wickets,3,198,20,N,NA,S Ravi,YC Barde
1178400,Jaipur,11-04-2019,Match 25,MS Dhoni,375,NULL,Sawai Mansingh Stadium,Rajasthan Royals,Chennai Super Kings,Chennai Super Kings,field,Chennai Super Kings,wickets,4,152,20,N,NA,BNJ Oxenford,UV Gandhe
1178401,Kolkata,12-04-2019,Match 26,S Dhawan,539,NULL,Eden Gardens,Kolkata Knight Riders,Delhi Capitals,Delhi Capitals,field,Delhi Capitals,wickets,7,179,20,N,NA,CK Nandan,YC Barde
1178402,Mumbai,13-04-2019,Match 27,JC Buttler,264,NULL,Wankhede Stadium,Mumbai Indians,Rajasthan Royals,Rajasthan Royals,field,Rajasthan Royals,wickets,4,188,20,N,NA,A Nand Kishore,Nitin Menon
1178403,Chandigarh,13-04-2019,Match 28,AB de Villiers,3,NULL,Punjab Cricket Association IS Bindra Stadium,Kings XI Punjab,Royal Challengers Bangalore,Royal Challengers Bangalore,field,Royal Challengers Bangalore,wickets,8,174,20,N,NA,S Ravi,UV Gandhe
1178404,Kolkata,14-04-2019,Match 29,Imran Tahir,NULL,146,Eden Gardens,Kolkata Knight Riders,Chennai Super Kings,Chennai Super Kings,field,Chennai Super Kings,wickets,5,162,20,N,NA,CK Nandan,RJ Tucker
1178405,Hyderabad,14-04-2019,Match 30,KMA Paul,NULL,190,Rajiv Gandhi International Stadium,Delhi Capitals,Sunrisers Hyderabad,Sunrisers Hyderabad,field,Delhi Capitals,runs,39,156,20,N,NA,AK Chaudhary,BNJ Oxenford
1178406,Mumbai,15-04-2019,Match 31,SL Malinga,NULL,211,Wankhede Stadium,Royal Challengers Bangalore,Mumbai Indians,Mumbai Indians,field,Mumbai Indians,wickets,5,172,20,N,NA,M Erasmus,Nitin Menon
1178407,Chandigarh,16-04-2019,Match 32,R Ashwin,NULL,312,Punjab Cricket Association IS Bindra Stadium,Kings XI Punjab,Rajasthan Royals,Rajasthan Royals,field,Kings XI Punjab,runs,12,183,20,N,NA,AK Chaudhary,VA Kulkarni
1178408,Hyderabad,17-04-2019,Match 33,DA Warner,154,NULL,Rajiv Gandhi International Stadium,Chennai Super Kings,Sunrisers Hyderabad,Chennai Super Kings,bat,Sunrisers Hyderabad,wickets,6,133,20,N,NA,IJ Gould,UV Gandhe
1178409,Delhi,18-04-2019,Match 34,HH Pandya,209,NULL,Arun Jaitley Stadium,Mumbai Indians,Delhi Capitals,Mumbai Indians,bat,Mumbai Indians,runs,40,169,20,N,NA,BNJ Oxenford,NJ Llong
1178410,Kolkata,19-04-2019,Match 35,V Kohli,635,NULL,Eden Gardens,Royal Challengers Bangalore,Kolkata Knight Riders,Kolkata Knight Riders,field,Royal Challengers Bangalore,runs,10,214,20,N,NA,IJ Gould,Nitin Menon
1178411,Jaipur,20-04-2019,Match 36,SPD Smith,573,NULL,Sawai Mansingh Stadium,Mumbai Indians,Rajasthan Royals,Rajasthan Royals,field,Rajasthan Royals,wickets,5,162,20,N,NA,S Ravi,YC Barde
1178412,Delhi,20-04-2019,Match 37,SS Iyer,553,NULL,Arun Jaitley Stadium,Kings XI Punjab,Delhi Capitals,Delhi Capitals,field,Delhi Capitals,wickets,5,164,20,N,NA,C Shamshuddin,UV Gandhe
1178413,Hyderabad,21-04-2019,Match 38,KK Ahmed,290,NULL,Rajiv Gandhi International Stadium,Kolkata Knight Riders,Sunrisers Hyderabad,Sunrisers Hyderabad,field,Sunrisers Hyderabad,wickets,9,160,20,N,NA,NJ Llong,Nitin Menon
1178414,Bengaluru,21-04-2019,Match 39,PA Patel,412,NULL,M.Chinnaswamy Stadium,Royal Challengers Bangalore,Chennai Super Kings,Chennai Super Kings,field,Royal Challengers Bangalore,runs,1,162,20,N,NA,RJ Tucker,VA Kulkarni
1178415,Jaipur,22-04-2019,Match 40,RR Pant,474,NULL,Sawai Mansingh Stadium,Rajasthan Royals,Delhi Capitals,Delhi Capitals,field,Delhi Capitals,wickets,6,192,20,N,NA,A Nand Kishore,S Ravi
1178416,Chennai,23-04-2019,Match 41,SR Watson,529,NULL,MA Chidambaram Stadium,Sunrisers Hyderabad,Chennai Super Kings,Chennai Super Kings,field,Chennai Super Kings,wickets,6,176,20,N,NA,AK Chaudhary,NJ Llong
1178417,Bengaluru,24-04-2019,Match 42,AB de Villiers,3,NULL,M.Chinnaswamy Stadium,Royal Challengers Bangalore,Kings XI Punjab,Kings XI Punjab,field,Royal Challengers Bangalore,runs,17,203,20,N,NA,BNJ Oxenford,C Shamshuddin
1178418,Kolkata,25-04-2019,Match 43,VR Aaron,NULL,418,Eden Gardens,Kolkata Knight Riders,Rajasthan Royals,Rajasthan Royals,field,Rajasthan Royals,wickets,3,176,20,N,NA,AY Dandekar,IJ Gould
1178419,Chennai,26-04-2019,Match 44,RG Sharma,483,NULL,MA Chidambaram Stadium,Mumbai Indians,Chennai Super Kings,Chennai Super Kings,field,Mumbai Indians,runs,46,156,20,N,NA,AK Chaudhary,NJ Llong
1178420,Jaipur,27-04-2019,Match 45,JD Unadkat,NULL,167,Sawai Mansingh Stadium,Sunrisers Hyderabad,Rajasthan Royals,Rajasthan Royals,field,Rajasthan Royals,wickets,7,161,20,N,NA,A Nand Kishore,YC Barde
1178421,Delhi,28-04-2019,Match 46,S Dhawan,539,NULL,Arun Jaitley Stadium,Delhi Capitals,Royal Challengers Bangalore,Delhi Capitals,bat,Delhi Capitals,runs,16,188,20,N,NA,BNJ Oxenford,KN Ananthapadmanabhan
1178422,Kolkata,28-04-2019,Match 47,AD Russell,49,NULL,Eden Gardens,Kolkata Knight Riders,Mumbai Indians,Mumbai Indians,field,Kolkata Knight Riders,runs,34,233,20,N,NA,IJ Gould,Nitin Menon
1178423,Hyderabad,29-04-2019,Match 48,DA Warner,154,NULL,Rajiv Gandhi International Stadium,Sunrisers Hyderabad,Kings XI Punjab,Kings XI Punjab,field,Sunrisers Hyderabad,runs,45,213,20,N,NA,CK Nandan,S Ravi
1178424,Bengaluru,30-04-2019,Match 49,NA,NULL,NULL,M.Chinnaswamy Stadium,Royal Challengers Bangalore,Rajasthan Royals,Rajasthan Royals,field,NA,no result,NA,63,5,N,NA,NJ Llong,UV Gandhe
1178425,Chennai,01-05-2019,Match 50,MS Dhoni,375,NULL,MA Chidambaram Stadium,Chennai Super Kings,Delhi Capitals,Delhi Capitals,field,Chennai Super Kings,runs,80,180,20,N,NA,AY Dandekar,Nitin Menon
1178426,Mumbai,02-05-2019,Match 51,JJ Bumrah,247,NULL,Wankhede Stadium,Mumbai Indians,Sunrisers Hyderabad,Mumbai Indians,bat,Mumbai Indians,tie,NA,163,20,Y,NA,CK Nandan,S Ravi
1178427,Chandigarh,03-05-2019,Match 52,Shubman Gill,556,NULL,Punjab Cricket Association IS Bindra Stadium,Kings XI Punjab,Kolkata Knight Riders,Kolkata Knight Riders,field,Kolkata Knight Riders,wickets,7,184,20,N,NA,BNJ Oxenford,C Shamshuddin
1178428,Delhi,04-05-2019,Match 53,A Mishra,45,NULL,Arun Jaitley Stadium,Rajasthan Royals,Delhi Capitals,Rajasthan Royals,bat,Delhi Capitals,wickets,5,116,20,N,NA,AY Dandekar,IJ Gould
1178429,Bengaluru,04-05-2019,Match 54,SO Hetmyer,540,NULL,M.Chinnaswamy Stadium,Sunrisers Hyderabad,Royal Challengers Bangalore,Royal Challengers Bangalore,field,Royal Challengers Bangalore,wickets,4,176,20,N,NA,AK Chaudhary,NJ Llong
1178430,Chandigarh,05-05-2019,Match 55,KL Rahul,269,NULL,Punjab Cricket Association IS Bindra Stadium,Chennai Super Kings,Kings XI Punjab,Kings XI Punjab,field,Kings XI Punjab,wickets,6,171,20,N,NA,C Shamshuddin,KN Ananthapadmanabhan
1178431,Mumbai,05-05-2019,Match 56,HH Pandya,209,NULL,Wankhede Stadium,Kolkata Knight Riders,Mumbai Indians,Mumbai Indians,field,Mumbai Indians,wickets,9,134,20,N,NA,A Nand Kishore,CK Nandan
1181764,Chennai,07-05-2019,Qualifier 1,SA Yadav,585,NULL,MA Chidambaram Stadium,Chennai Super Kings,Mumbai Indians,Chennai Super Kings,bat,Mumbai Indians,wickets,6,132,20,N,NA,NJ Llong,Nitin Menon
1181766,Visakhapatnam,08-05-2019,Eliminator,RR Pant,474,NULL,Dr. Y.S. Rajasekhara Reddy ACA-VDCA Cricket Stadium,Sunrisers Hyderabad,Delhi Capitals,Delhi Capitals,field,Delhi Capitals,wickets,2,163,20,N,NA,BNJ Oxenford,S Ravi
1181767,Visakhapatnam,10-05-2019,Qualifier 2,F du Plessis,191,NULL,Dr. Y.S. Rajasekhara Reddy ACA-VDCA Cricket Stadium,Delhi Capitals,Chennai Super Kings,Chennai Super Kings,field,Chennai Super Kings,wickets,6,148,20,N,NA,BNJ Oxenford,S Ravi
1181768,Hyderabad,12-05-2019,Final,JJ Bumrah,247,NULL,Rajiv Gandhi International Stadium,Mumbai Indians,Chennai Super Kings,Mumbai Indians,bat,Mumbai Indians,runs,1,150,20,N,NA,IJ Gould,Nitin Menon
1216492,Abu Dhabi,19-09-2020,Match 1,AT Rayudu,44,NULL,Sheikh Zayed Stadium,Mumbai Indians,Chennai Super Kings,Chennai Super Kings,field,Chennai Super Kings,wickets,5,163,20,N,NA,CB Gaffaney,VK Sharma
1216493,NA,20-09-2020,Match 2,MP Stoinis,337,NULL,Dubai International Cricket Stadium,Delhi Capitals,Kings XI Punjab,Kings XI Punjab,field,Delhi Capitals,tie,NA,158,20,Y,NA,AK Chaudhary,Nitin Menon
1216494,Abu Dhabi,21-10-2020,Match 3,Mohammed Siraj,NULL,245,Sheikh Zayed Stadium,Kolkata Knight Riders,Royal Challengers Bangalore,Kolkata Knight Riders,bat,Royal Challengers Bangalore,wickets,8,85,20,N,NA,VK Sharma,S Ravi
1216495,NA,03-11-2020,Match 4,S Nadeem,NULL,348,Sharjah Cricket Stadium,Mumbai Indians,Sunrisers Hyderabad,Sunrisers Hyderabad,field,Sunrisers Hyderabad,wickets,10,150,20,N,NA,C Shamshuddin,RK Illingworth
1216496,NA,22-09-2020,Match 5,SV Samson,510,NULL,Sharjah Cricket Stadium,Rajasthan Royals,Chennai Super Kings,Chennai Super Kings,field,Rajasthan Royals,runs,16,217,20,N,NA,C Shamshuddin,VA Kulkarni
1216497,Abu Dhabi,24-10-2020,Match 6,CV Varun,NULL,419,Sheikh Zayed Stadium,Kolkata Knight Riders,Delhi Capitals,Delhi Capitals,field,Kolkata Knight Riders,runs,59,195,20,N,NA,CB Gaffaney,PG Pathak
1216498,NA,24-10-2020,Match 7,CJ Jordan,NULL,87,Dubai International Cricket Stadium,Kings XI Punjab,Sunrisers Hyderabad,Sunrisers Hyderabad,field,Kings XI Punjab,runs,12,127,20,N,NA,AY Dandekar,PR Reiffel
1216499,Abu Dhabi,28-10-2020,Match 8,SA Yadav,585,NULL,Sheikh Zayed Stadium,Royal Challengers Bangalore,Mumbai Indians,Mumbai Indians,field,Mumbai Indians,wickets,5,165,20,N,NA,UV Gandhe,CB Gaffaney
1216500,NA,09-10-2020,Match 9,R Ashwin,NULL,312,Sharjah Cricket Stadium,Delhi Capitals,Rajasthan Royals,Rajasthan Royals,field,Delhi Capitals,runs,46,185,20,N,NA,KN Ananthapadmanabhan,C Shamshuddin
1216501,Abu Dhabi,07-10-2020,Match 10,RA Tripathi,447,NULL,Sheikh Zayed Stadium,Kolkata Knight Riders,Chennai Super Kings,Kolkata Knight Riders,bat,Kolkata Knight Riders,runs,10,168,20,N,NA,KN Ananthapadmanabhan,RK Illingworth
1216502,NA,31-10-2020,Match 11,Sandeep Sharma,NULL,338,Sharjah Cricket Stadium,Royal Challengers Bangalore,Sunrisers Hyderabad,Sunrisers Hyderabad,field,Sunrisers Hyderabad,wickets,5,121,20,N,NA,KN Ananthapadmanabhan,K Srinivasan
1216503,Abu Dhabi,01-10-2020,Match 12,KA Pollard,291,NULL,Sheikh Zayed Stadium,Mumbai Indians,Kings XI Punjab,Kings XI Punjab,field,Mumbai Indians,runs,48,192,20,N,NA,VK Sharma,S Ravi
1216504,NA,30-09-2020,Match 13,Shivam Mavi,NULL,365,Dubai International Cricket Stadium,Kolkata Knight Riders,Rajasthan Royals,Rajasthan Royals,field,Kolkata Knight Riders,runs,37,175,20,N,NA,KN Ananthapadmanabhan,C Shamshuddin
1216505,Abu Dhabi,02-11-2020,Match 14,A Nortje,NULL,40,Sheikh Zayed Stadium,Royal Challengers Bangalore,Delhi Capitals,Delhi Capitals,field,Delhi Capitals,wickets,6,153,20,N,NA,CB Gaffaney,S Ravi
1216506,Abu Dhabi,01-11-2020,Match 15,RD Gaikwad,490,NULL,Sheikh Zayed Stadium,Kings XI Punjab,Chennai Super Kings,Chennai Super Kings,field,Chennai Super Kings,wickets,9,154,20,N,NA,PG Pathak,VK Sharma
1216507,NA,11-10-2020,Match 16,R Tewatia,446,NULL,Dubai International Cricket Stadium,Sunrisers Hyderabad,Rajasthan Royals,Sunrisers Hyderabad,bat,Rajasthan Royals,wickets,5,159,20,N,NA,YC Barde,PR Reiffel
1216508,Abu Dhabi,23-09-2020,Match 17,RG Sharma,483,NULL,Sheikh Zayed Stadium,Mumbai Indians,Kolkata Knight Riders,Kolkata Knight Riders,field,Mumbai Indians,runs,49,196,20,N,NA,CB Gaffaney,S Ravi
1216509,NA,17-10-2020,Match 18,S Dhawan,539,NULL,Sharjah Cricket Stadium,Chennai Super Kings,Delhi Capitals,Chennai Super Kings,bat,Delhi Capitals,wickets,5,180,20,N,NA,KN Ananthapadmanabhan,RK Illingworth
1216510,NA,24-09-2020,Match 19,KL Rahul,269,NULL,Dubai International Cricket Stadium,Kings XI Punjab,Royal Challengers Bangalore,Royal Challengers Bangalore,field,Kings XI Punjab,runs,97,207,20,N,NA,AK Chaudhary,PR Reiffel
1216511,Abu Dhabi,06-10-2020,Match 20,SA Yadav,585,NULL,Sheikh Zayed Stadium,Mumbai Indians,Rajasthan Royals,Mumbai Indians,bat,Mumbai Indians,runs,57,194,20,N,NA,VK Sharma,S Ravi
1216512,Abu Dhabi,18-10-2020,Match 21,LH Ferguson,NULL,217,Sheikh Zayed Stadium,Kolkata Knight Riders,Sunrisers Hyderabad,Sunrisers Hyderabad,field,Kolkata Knight Riders,tie,NA,164,20,Y,NA,PG Pathak,S Ravi
1216513,NA,04-10-2020,Match 22,SR Watson,529,NULL,Dubai International Cricket Stadium,Kings XI Punjab,Chennai Super Kings,Kings XI Punjab,bat,Chennai Super Kings,wickets,10,179,20,N,NA,AY Dandekar,Nitin Menon
1216514,Abu Dhabi,03-10-2020,Match 23,YS Chahal,NULL,446,Sheikh Zayed Stadium,Rajasthan Royals,Royal Challengers Bangalore,Rajasthan Royals,bat,Royal Challengers Bangalore,wickets,8,155,20,N,NA,CB Gaffaney,S Ravi
1216515,NA,03-10-2020,Match 24,SS Iyer,553,NULL,Sharjah Cricket Stadium,Delhi Capitals,Kolkata Knight Riders,Kolkata Knight Riders,field,Delhi Capitals,runs,18,229,20,N,NA,VA Kulkarni,RK Illingworth
1216516,NA,02-10-2020,Match 25,PK Garg,438,NULL,Dubai International Cricket Stadium,Sunrisers Hyderabad,Chennai Super Kings,Sunrisers Hyderabad,bat,Sunrisers Hyderabad,runs,7,165,20,N,NA,AK Chaudhary,PR Reiffel
1216517,NA,18-10-2020,Match 26,KL Rahul,269,NULL,Dubai International Cricket Stadium,Mumbai Indians,Kings XI Punjab,Mumbai Indians,bat,Kings XI Punjab,tie,NA,177,20,Y,NA,Nitin Menon,PR Reiffel
1216518,NA,22-10-2020,Match 27,MK Pandey,330,NULL,Dubai International Cricket Stadium,Rajasthan Royals,Sunrisers Hyderabad,Sunrisers Hyderabad,field,Sunrisers Hyderabad,wickets,8,155,20,N,NA,Nitin Menon,PR Reiffel
1216519,NA,05-10-2020,Match 28,AR Patel,NULL,57,Dubai International Cricket Stadium,Delhi Capitals,Royal Challengers Bangalore,Royal Challengers Bangalore,field,Delhi Capitals,runs,59,197,20,N,NA,Nitin Menon,YC Barde
1216520,NA,26-10-2020,Match 29,CH Gayle,129,NULL,Sharjah Cricket Stadium,Kolkata Knight Riders,Kings XI Punjab,Kings XI Punjab,field,Kings XI Punjab,wickets,8,150,20,N,NA,KN Ananthapadmanabhan,RK Illingworth
1216521,NA,23-10-2020,Match 30,TA Boult,NULL,409,Sharjah Cricket Stadium,Chennai Super Kings,Mumbai Indians,Mumbai Indians,field,Mumbai Indians,wickets,10,115,20,N,NA,C Shamshuddin,VA Kulkarni
1216522,NA,17-10-2020,Match 31,AB de Villiers,3,NULL,Dubai International Cricket Stadium,Rajasthan Royals,Royal Challengers Bangalore,Rajasthan Royals,bat,Royal Challengers Bangalore,wickets,7,178,20,N,NA,AK Chaudhary,Nitin Menon
1216523,Abu Dhabi,10-10-2020,Match 32,KD Karthik,172,NULL,Sheikh Zayed Stadium,Kolkata Knight Riders,Kings XI Punjab,Kolkata Knight Riders,bat,Kolkata Knight Riders,runs,2,165,20,N,NA,UV Gandhe,CB Gaffaney
1216524,NA,27-10-2020,Match 33,WP Saha,648,NULL,Dubai International Cricket Stadium,Sunrisers Hyderabad,Delhi Capitals,Delhi Capitals,field,Sunrisers Hyderabad,runs,88,220,20,N,NA,AK Chaudhary,Nitin Menon
1216525,NA,10-10-2020,Match 34,V Kohli,635,NULL,Dubai International Cricket Stadium,Royal Challengers Bangalore,Chennai Super Kings,Royal Challengers Bangalore,bat,Royal Challengers Bangalore,runs,37,170,20,N,NA,AK Chaudhary,PR Reiffel
1216526,Abu Dhabi,16-10-2020,Match 35,Q de Kock,439,NULL,Sheikh Zayed Stadium,Kolkata Knight Riders,Mumbai Indians,Kolkata Knight Riders,bat,Mumbai Indians,wickets,8,149,20,N,NA,CB Gaffaney,VK Sharma
1216527,NA,27-09-2020,Match 36,SV Samson,510,NULL,Sharjah Cricket Stadium,Kings XI Punjab,Rajasthan Royals,Rajasthan Royals,field,Rajasthan Royals,wickets,4,224,20,N,NA,RK Illingworth,K Srinivasan
1216528,NA,13-10-2020,Match 37,RA Jadeja,NULL,313,Dubai International Cricket Stadium,Chennai Super Kings,Sunrisers Hyderabad,Chennai Super Kings,bat,Chennai Super Kings,runs,20,168,20,N,NA,AK Chaudhary,PR Reiffel
1216529,Abu Dhabi,11-10-2020,Match 38,Q de Kock,439,NULL,Sheikh Zayed Stadium,Delhi Capitals,Mumbai Indians,Delhi Capitals,bat,Mumbai Indians,wickets,5,163,20,N,NA,CB Gaffaney,S Ravi
1216530,NA,01-11-2020,Match 39,PJ Cummins,415,NULL,Dubai International Cricket Stadium,Kolkata Knight Riders,Rajasthan Royals,Rajasthan Royals,field,Kolkata Knight Riders,runs,60,192,20,N,NA,Nitin Menon,PR Reiffel
1216531,NA,15-10-2020,Match 40,KL Rahul,269,NULL,Sharjah Cricket Stadium,Royal Challengers Bangalore,Kings XI Punjab,Royal Challengers Bangalore,bat,Kings XI Punjab,wickets,8,172,20,N,NA,KN Ananthapadmanabhan,C Shamshuddin
1216532,Abu Dhabi,29-09-2020,Match 41,Rashid Khan,NULL,307,Sheikh Zayed Stadium,Sunrisers Hyderabad,Delhi Capitals,Delhi Capitals,field,Sunrisers Hyderabad,runs,15,163,20,N,NA,VK Sharma,S Ravi
1216533,Abu Dhabi,19-10-2020,Match 42,JC Buttler,264,NULL,Sheikh Zayed Stadium,Chennai Super Kings,Rajasthan Royals,Chennai Super Kings,bat,Rajasthan Royals,wickets,7,126,20,N,NA,CB Gaffaney,VK Sharma
1216534,NA,21-09-2020,Match 43,YS Chahal,NULL,446,Dubai International Cricket Stadium,Royal Challengers Bangalore,Sunrisers Hyderabad,Sunrisers Hyderabad,field,Royal Challengers Bangalore,runs,10,164,20,N,NA,AY Dandekar,Nitin Menon
1216535,NA,31-10-2020,Match 44,Ishan Kishan,227,NULL,Dubai International Cricket Stadium,Delhi Capitals,Mumbai Indians,Mumbai Indians,field,Mumbai Indians,wickets,9,111,20,N,NA,YC Barde,PR Reiffel
1216536,NA,29-10-2020,Match 45,RD Gaikwad,490,NULL,Dubai International Cricket Stadium,Kolkata Knight Riders,Chennai Super Kings,Chennai Super Kings,field,Chennai Super Kings,wickets,6,173,20,N,NA,C Shamshuddin,RK Illingworth
1216537,Abu Dhabi,30-10-2020,Match 46,BA Stokes,102,NULL,Sheikh Zayed Stadium,Kings XI Punjab,Rajasthan Royals,Rajasthan Royals,field,Rajasthan Royals,wickets,7,186,20,N,NA,CB Gaffaney,S Ravi
1216538,NA,04-10-2020,Match 47,TA Boult,NULL,409,Sharjah Cricket Stadium,Mumbai Indians,Sunrisers Hyderabad,Mumbai Indians,bat,Mumbai Indians,runs,34,209,20,N,NA,KN Ananthapadmanabhan,RK Illingworth
1216539,NA,25-09-2020,Match 48,PP Shaw,437,NULL,Dubai International Cricket Stadium,Delhi Capitals,Chennai Super Kings,Chennai Super Kings,field,Delhi Capitals,runs,44,176,20,N,NA,KN Ananthapadmanabhan,RK Illingworth
1216540,NA,12-10-2020,Match 49,AB de Villiers,3,NULL,Sharjah Cricket Stadium,Royal Challengers Bangalore,Kolkata Knight Riders,Royal Challengers Bangalore,bat,Royal Challengers Bangalore,runs,82,195,20,N,NA,RK Illingworth,K Srinivasan
1216541,Abu Dhabi,25-10-2020,Match 50,BA Stokes,102,NULL,Sheikh Zayed Stadium,Mumbai Indians,Rajasthan Royals,Mumbai Indians,bat,Rajasthan Royals,wickets,8,196,20,N,NA,UV Gandhe,VK Sharma
1216542,NA,08-10-2020,Match 51,JM Bairstow,263,NULL,Dubai International Cricket Stadium,Sunrisers Hyderabad,Kings XI Punjab,Sunrisers Hyderabad,bat,Sunrisers Hyderabad,runs,69,202,20,N,NA,AK Chaudhary,Nitin Menon
1216543,NA,14-10-2020,Match 52,A Nortje,NULL,40,Dubai International Cricket Stadium,Delhi Capitals,Rajasthan Royals,Delhi Capitals,bat,Delhi Capitals,runs,13,162,20,N,NA,AK Chaudhary,Nitin Menon
1216544,NA,25-10-2020,Match 53,RD Gaikwad,490,NULL,Dubai International Cricket Stadium,Royal Challengers Bangalore,Chennai Super Kings,Royal Challengers Bangalore,bat,Chennai Super Kings,wickets,8,146,20,N,NA,C Shamshuddin,RK Illingworth
1216545,Abu Dhabi,26-09-2020,Match 54,Shubman Gill,556,NULL,Sheikh Zayed Stadium,Sunrisers Hyderabad,Kolkata Knight Riders,Sunrisers Hyderabad,bat,Kolkata Knight Riders,wickets,7,143,20,N,NA,CB Gaffaney,VK Sharma
1216546,NA,20-10-2020,Match 55,S Dhawan,539,NULL,Dubai International Cricket Stadium,Delhi Capitals,Kings XI Punjab,Delhi Capitals,bat,Kings XI Punjab,wickets,5,165,20,N,NA,C Shamshuddin,RK Illingworth
1216547,NA,28-09-2020,Match 56,AB de Villiers,3,NULL,Dubai International Cricket Stadium,Royal Challengers Bangalore,Mumbai Indians,Mumbai Indians,field,Royal Challengers Bangalore,tie,NA,202,20,Y,NA,Nitin Menon,PR Reiffel
1237177,NA,05-11-2020,Qualifier 1,JJ Bumrah,247,NULL,Dubai International Cricket Stadium,Mumbai Indians,Delhi Capitals,Delhi Capitals,field,Mumbai Indians,runs,57,201,20,N,NA,CB Gaffaney,Nitin Menon
1237178,Abu Dhabi,06-11-2020,Eliminator,KS Williamson,276,NULL,Sheikh Zayed Stadium,Royal Challengers Bangalore,Sunrisers Hyderabad,Sunrisers Hyderabad,field,Sunrisers Hyderabad,wickets,6,132,20,N,NA,PR Reiffel,S Ravi
1237180,Abu Dhabi,08-11-2020,Qualifier 2,MP Stoinis,337,NULL,Sheikh Zayed Stadium,Delhi Capitals,Sunrisers Hyderabad,Delhi Capitals,bat,Delhi Capitals,runs,17,190,20,N,NA,PR Reiffel,S Ravi
1237181,NA,10-11-2020,Final,TA Boult,NULL,409,Dubai International Cricket Stadium,Delhi Capitals,Mumbai Indians,Delhi Capitals,bat,Mumbai Indians,wickets,5,157,20,N,NA,CB Gaffaney,Nitin Menon
1254058,Chennai,09-04-2021,Match 1,HV Patel,NULL,142,"MA Chidambaram Stadium, Chepauk, Chennai",Mumbai Indians,Royal Challengers Bangalore,Royal Challengers Bangalore,field,Royal Challengers Bangalore,wickets,2,160,20,N,NA,KN Ananthapadmanabhan,Nitin Menon
1254059,Mumbai,10-04-2021,Match 2,S Dhawan,539,NULL,"Wankhede Stadium, Mumbai",Chennai Super Kings,Delhi Capitals,Delhi Capitals,field,Delhi Capitals,wickets,7,189,20,N,NA,AK Chaudhary,VK Sharma
1254060,Chennai,11-04-2021,Match 3,N Rana,402,NULL,"MA Chidambaram Stadium, Chepauk, Chennai",Kolkata Knight Riders,Sunrisers Hyderabad,Sunrisers Hyderabad,field,Kolkata Knight Riders,runs,10,188,20,N,NA,KN Ananthapadmanabhan,Nitin Menon
1254061,Mumbai,12-04-2021,Match 4,SV Samson,510,NULL,"Wankhede Stadium, Mumbai",Punjab Kings,Rajasthan Royals,Rajasthan Royals,field,Punjab Kings,runs,4,222,20,N,NA,AK Chaudhary,S Ravi
1254062,Chennai,13-04-2021,Match 5,RD Chahar,NULL,297,"MA Chidambaram Stadium, Chepauk, Chennai",Mumbai Indians,Kolkata Knight Riders,Kolkata Knight Riders,field,Mumbai Indians,runs,10,153,20,N,NA,C Shamshuddin,CB Gaffaney
1254063,Chennai,14-04-2021,Match 6,GJ Maxwell,199,NULL,"MA Chidambaram Stadium, Chepauk, Chennai",Royal Challengers Bangalore,Sunrisers Hyderabad,Sunrisers Hyderabad,field,Royal Challengers Bangalore,runs,6,150,20,N,NA,Nitin Menon,UV Gandhe
1254064,Mumbai,15-04-2021,Match 7,JD Unadkat,NULL,167,"Wankhede Stadium, Mumbai",Delhi Capitals,Rajasthan Royals,Rajasthan Royals,field,Rajasthan Royals,wickets,3,148,20,N,NA,S Ravi,VK Sharma
1254065,Mumbai,16-04-2021,Match 8,DL Chahar,NULL,104,"Wankhede Stadium, Mumbai",Punjab Kings,Chennai Super Kings,Chennai Super Kings,field,Chennai Super Kings,wickets,6,107,20,N,NA,AK Chaudhary,AY Dandekar
1254066,Chennai,17-04-2021,Match 9,KA Pollard,291,NULL,"MA Chidambaram Stadium, Chepauk, Chennai",Mumbai Indians,Sunrisers Hyderabad,Mumbai Indians,bat,Mumbai Indians,runs,13,151,20,N,NA,CB Gaffaney,K Srinivasan
1254067,Chennai,18-04-2021,Match 10,AB de Villiers,3,NULL,"MA Chidambaram Stadium, Chepauk, Chennai",Royal Challengers Bangalore,Kolkata Knight Riders,Royal Challengers Bangalore,bat,Royal Challengers Bangalore,runs,38,205,20,N,NA,C Shamshuddin,Nitin Menon
1254068,Mumbai,18-04-2021,Match 11,S Dhawan,539,NULL,"Wankhede Stadium, Mumbai",Punjab Kings,Delhi Capitals,Delhi Capitals,field,Delhi Capitals,wickets,6,196,20,N,NA,AK Chaudhary,PR Reiffel
1254069,Mumbai,19-04-2021,Match 12,MM Ali,361,NULL,"Wankhede Stadium, Mumbai",Chennai Super Kings,Rajasthan Royals,Rajasthan Royals,field,Chennai Super Kings,runs,45,189,20,N,NA,PR Reiffel,VK Sharma
1254070,Chennai,20-04-2021,Match 13,A Mishra,45,NULL,"MA Chidambaram Stadium, Chepauk, Chennai",Mumbai Indians,Delhi Capitals,Mumbai Indians,bat,Delhi Capitals,wickets,6,138,20,N,NA,C Shamshuddin,CB Gaffaney
1254071,Chennai,21-04-2021,Match 14,JM Bairstow,263,NULL,"MA Chidambaram Stadium, Chepauk, Chennai",Punjab Kings,Sunrisers Hyderabad,Punjab Kings,bat,Sunrisers Hyderabad,wickets,9,121,20,N,NA,K Srinivasan,Nitin Menon
1254072,Mumbai,21-04-2021,Match 15,F du Plessis,191,NULL,"Wankhede Stadium, Mumbai",Chennai Super Kings,Kolkata Knight Riders,Kolkata Knight Riders,field,Chennai Super Kings,runs,18,221,20,N,NA,AY Dandekar,PR Reiffel
1254073,Mumbai,22-04-2021,Match 16,D Padikkal,162,NULL,"Wankhede Stadium, Mumbai",Rajasthan Royals,Royal Challengers Bangalore,Royal Challengers Bangalore,field,Royal Challengers Bangalore,wickets,10,178,20,N,NA,J Madanagopal,S Ravi
1254074,Chennai,23-04-2021,Match 17,KL Rahul,269,NULL,"MA Chidambaram Stadium, Chepauk, Chennai",Mumbai Indians,Punjab Kings,Punjab Kings,field,Punjab Kings,wickets,9,132,20,N,NA,C Shamshuddin,Nitin Menon
1254075,Mumbai,24-04-2021,Match 18,CH Morris,NULL,NULL,"Wankhede Stadium, Mumbai",Kolkata Knight Riders,Rajasthan Royals,Rajasthan Royals,field,Rajasthan Royals,wickets,6,134,20,N,NA,Navdeep Singh,S Ravi
1254076,Mumbai,25-04-2021,Match 19,RA Jadeja,NULL,313,"Wankhede Stadium, Mumbai",Chennai Super Kings,Royal Challengers Bangalore,Chennai Super Kings,bat,Chennai Super Kings,runs,69,192,20,N,NA,AK Chaudhary,VK Sharma
1254077,Chennai,25-04-2021,Match 20,PP Shaw,437,NULL,"MA Chidambaram Stadium, Chepauk, Chennai",Delhi Capitals,Sunrisers Hyderabad,Delhi Capitals,bat,Delhi Capitals,tie,NA,160,20,Y,NA,CB Gaffaney,KN Ananthapadmanabhan
1254078,Ahmedabad,26-04-2021,Match 21,EJG Morgan,88,NULL,"Narendra Modi Stadium, Ahmedabad",Punjab Kings,Kolkata Knight Riders,Kolkata Knight Riders,field,Kolkata Knight Riders,wickets,5,124,20,N,NA,PR Reiffel,YC Barde
1254079,Ahmedabad,27-04-2021,Match 22,AB de Villiers,3,NULL,"Narendra Modi Stadium, Ahmedabad",Royal Challengers Bangalore,Delhi Capitals,Delhi Capitals,field,Royal Challengers Bangalore,runs,1,172,20,N,NA,S Ravi,VK Sharma
1254080,Delhi,28-04-2021,Match 23,RD Gaikwad,490,NULL,"Arun Jaitley Stadium, Delhi",Sunrisers Hyderabad,Chennai Super Kings,Sunrisers Hyderabad,bat,Chennai Super Kings,wickets,7,172,20,N,NA,C Shamshuddin,CK Nandan
1254081,Delhi,29-04-2021,Match 24,Q de Kock,439,NULL,"Arun Jaitley Stadium, Delhi",Rajasthan Royals,Mumbai Indians,Mumbai Indians,field,Mumbai Indians,wickets,7,172,20,N,NA,CB Gaffaney,KN Ananthapadmanabhan
1254082,Ahmedabad,29-04-2021,Match 25,PP Shaw,437,NULL,"Narendra Modi Stadium, Ahmedabad",Kolkata Knight Riders,Delhi Capitals,Delhi Capitals,field,Delhi Capitals,wickets,7,155,20,N,NA,AK Chaudhary,YC Barde
1254083,Ahmedabad,30-04-2021,Match 26,Harpreet Brar,NULL,141,"Narendra Modi Stadium, Ahmedabad",Punjab Kings,Royal Challengers Bangalore,Royal Challengers Bangalore,field,Punjab Kings,runs,34,180,20,N,NA,S Ravi,VK Sharma
1254084,Delhi,01-05-2021,Match 27,KA Pollard,291,NULL,"Arun Jaitley Stadium, Delhi",Chennai Super Kings,Mumbai Indians,Mumbai Indians,field,Mumbai Indians,wickets,4,219,20,N,NA,KN Ananthapadmanabhan,CK Nandan
1254085,Delhi,02-05-2021,Match 28,JC Buttler,264,NULL,"Arun Jaitley Stadium, Delhi",Rajasthan Royals,Sunrisers Hyderabad,Sunrisers Hyderabad,field,Rajasthan Royals,runs,55,221,20,N,NA,C Shamshuddin,CB Gaffaney
1254086,Ahmedabad,02-05-2021,Match 29,MA Agarwal,346,NULL,"Narendra Modi Stadium, Ahmedabad",Punjab Kings,Delhi Capitals,Delhi Capitals,field,Delhi Capitals,wickets,7,167,20,N,NA,AK Chaudhary,AY Dandekar
1254087,Abu Dhabi,20-09-2021,Match 30,CV Varun,NULL,419,"Zayed Cricket Stadium, Abu Dhabi",Royal Challengers Bangalore,Kolkata Knight Riders,Royal Challengers Bangalore,bat,Kolkata Knight Riders,wickets,9,93,20,N,NA,CB Gaffaney,S Ravi
1254088,Abu Dhabi,08-10-2021,Match 31,Ishan Kishan,227,NULL,"Zayed Cricket Stadium, Abu Dhabi",Mumbai Indians,Sunrisers Hyderabad,Mumbai Indians,bat,Mumbai Indians,runs,42,236,20,N,NA,Tapan Sharma,VK Sharma
1254089,Abu Dhabi,02-10-2021,Match 32,RD Gaikwad,490,NULL,"Zayed Cricket Stadium, Abu Dhabi",Chennai Super Kings,Rajasthan Royals,Rajasthan Royals,field,Rajasthan Royals,wickets,7,190,20,N,NA,CB Gaffaney,VK Sharma
1254090,Sharjah,03-10-2021,Match 33,GJ Maxwell,199,NULL,Sharjah Cricket Stadium,Royal Challengers Bangalore,Punjab Kings,Royal Challengers Bangalore,bat,Royal Challengers Bangalore,runs,6,165,20,N,NA,KN Ananthapadmanabhan,RK Illingworth
1254091,Sharjah,30-09-2021,Match 34,JR Hazlewood,NULL,178,Sharjah Cricket Stadium,Sunrisers Hyderabad,Chennai Super Kings,Chennai Super Kings,field,Chennai Super Kings,wickets,6,135,20,N,NA,Nitin Menon,YC Barde
1254092,Sharjah,28-09-2021,Match 35,SP Narine,NULL,387,Sharjah Cricket Stadium,Delhi Capitals,Kolkata Knight Riders,Kolkata Knight Riders,field,Kolkata Knight Riders,wickets,3,128,20,N,NA,Nitin Menon,HAS Khalid
1254093,Sharjah,05-10-2021,Match 36,NM Coulter-Nile,NULL,260,Sharjah Cricket Stadium,Rajasthan Royals,Mumbai Indians,Mumbai Indians,field,Mumbai Indians,wickets,8,91,20,N,NA,AK Chaudhary,MA Gough
1254094,Dubai,07-10-2021,Match 37,KL Rahul,269,NULL,Dubai International Cricket Stadium,Chennai Super Kings,Punjab Kings,Punjab Kings,field,Punjab Kings,wickets,6,135,20,N,NA,K Srinivasan,RK Illingworth
1254095,Abu Dhabi,06-10-2021,Match 38,KS Williamson,276,NULL,"Zayed Cricket Stadium, Abu Dhabi",Sunrisers Hyderabad,Royal Challengers Bangalore,Royal Challengers Bangalore,field,Sunrisers Hyderabad,runs,4,142,20,N,NA,S Ravi,UV Gandhe
1254096,Abu Dhabi,23-09-2021,Match 39,SP Narine,NULL,387,"Zayed Cricket Stadium, Abu Dhabi",Mumbai Indians,Kolkata Knight Riders,Kolkata Knight Riders,field,Kolkata Knight Riders,wickets,7,156,20,N,NA,S Ravi,VK Sharma
1254097,Abu Dhabi,25-09-2021,Match 40,SS Iyer,553,NULL,"Zayed Cricket Stadium, Abu Dhabi",Delhi Capitals,Rajasthan Royals,Rajasthan Royals,field,Delhi Capitals,runs,33,155,20,N,NA,CB Gaffaney,UV Gandhe
1254098,Abu Dhabi,26-09-2021,Match 41,RA Jadeja,NULL,313,"Zayed Cricket Stadium, Abu Dhabi",Kolkata Knight Riders,Chennai Super Kings,Kolkata Knight Riders,bat,Chennai Super Kings,wickets,2,172,20,N,NA,CB Gaffaney,Tapan Sharma
1254099,Abu Dhabi,28-09-2021,Match 42,KA Pollard,291,NULL,"Zayed Cricket Stadium, Abu Dhabi",Punjab Kings,Mumbai Indians,Mumbai Indians,field,Mumbai Indians,wickets,6,136,20,N,NA,S Ravi,VK Sharma
1254100,Dubai,27-09-2021,Match 43,JJ Roy,246,NULL,Dubai International Cricket Stadium,Rajasthan Royals,Sunrisers Hyderabad,Rajasthan Royals,bat,Sunrisers Hyderabad,wickets,7,165,20,N,NA,KN Ananthapadmanabhan,Navdeep Singh
1254101,Dubai,08-10-2021,Match 44,KS Bharat,270,NULL,Dubai International Cricket Stadium,Delhi Capitals,Royal Challengers Bangalore,Royal Challengers Bangalore,field,Royal Challengers Bangalore,wickets,7,165,20,N,NA,KN Ananthapadmanabhan,Nitin Menon
1254102,Dubai,01-10-2021,Match 45,KL Rahul,269,NULL,Dubai International Cricket Stadium,Kolkata Knight Riders,Punjab Kings,Punjab Kings,field,Punjab Kings,wickets,5,166,20,N,NA,KN Ananthapadmanabhan,RK Illingworth
1254103,Dubai,29-09-2021,Match 46,YS Chahal,NULL,446,Dubai International Cricket Stadium,Rajasthan Royals,Royal Challengers Bangalore,Royal Challengers Bangalore,field,Royal Challengers Bangalore,wickets,7,150,20,N,NA,AY Dandekar,KN Ananthapadmanabhan
1254104,Dubai,19-09-2021,Match 47,RD Gaikwad,490,NULL,Dubai International Cricket Stadium,Chennai Super Kings,Mumbai Indians,Chennai Super Kings,bat,Chennai Super Kings,runs,20,157,20,N,NA,Nitin Menon,RK Illingworth
1254105,Dubai,22-09-2021,Match 48,A Nortje,NULL,40,Dubai International Cricket Stadium,Sunrisers Hyderabad,Delhi Capitals,Sunrisers Hyderabad,bat,Delhi Capitals,wickets,8,135,20,N,NA,KN Ananthapadmanabhan,RK Illingworth
1254106,Sharjah,07-10-2021,Match 49,Shivam Mavi,NULL,365,Sharjah Cricket Stadium,Kolkata Knight Riders,Rajasthan Royals,Rajasthan Royals,field,Kolkata Knight Riders,runs,86,172,20,N,NA,MA Gough,HAS Khalid
1254107,Sharjah,25-09-2021,Match 50,JO Holder,245,NULL,Sharjah Cricket Stadium,Punjab Kings,Sunrisers Hyderabad,Sunrisers Hyderabad,field,Punjab Kings,runs,5,126,20,N,NA,RK Illingworth,YC Barde
1254108,Dubai,26-09-2021,Match 51,GJ Maxwell,199,NULL,Dubai International Cricket Stadium,Royal Challengers Bangalore,Mumbai Indians,Mumbai Indians,field,Royal Challengers Bangalore,runs,54,166,20,N,NA,AK Chaudhary,MA Gough
1254109,Dubai,03-10-2021,Match 52,Shubman Gill,556,NULL,Dubai International Cricket Stadium,Sunrisers Hyderabad,Kolkata Knight Riders,Sunrisers Hyderabad,bat,Kolkata Knight Riders,wickets,6,116,20,N,NA,J Madanagopal,MA Gough
1254110,Dubai,04-10-2021,Match 53,AR Patel,NULL,57,Dubai International Cricket Stadium,Chennai Super Kings,Delhi Capitals,Delhi Capitals,field,Delhi Capitals,wickets,3,137,20,N,NA,AK Chaudhary,Nitin Menon
1254111,Dubai,21-09-2021,Match 54,Kartik Tyagi,NULL,188,Dubai International Cricket Stadium,Rajasthan Royals,Punjab Kings,Punjab Kings,field,Rajasthan Royals,runs,2,186,20,N,NA,AK Chaudhary,MA Gough
1254112,Sharjah,02-10-2021,Match 55,AR Patel,NULL,57,Sharjah Cricket Stadium,Mumbai Indians,Delhi Capitals,Delhi Capitals,field,Delhi Capitals,wickets,4,130,20,N,NA,AK Chaudhary,MA Gough
1254113,Sharjah,24-09-2021,Match 56,DJ Bravo,146,NULL,Sharjah Cricket Stadium,Royal Challengers Bangalore,Chennai Super Kings,Chennai Super Kings,field,Chennai Super Kings,wickets,6,157,20,N,NA,AK Chaudhary,Nitin Menon
1254114,Dubai,10-10-2021,Qualifier 1,RD Gaikwad,490,NULL,Dubai International Cricket Stadium,Delhi Capitals,Chennai Super Kings,Chennai Super Kings,field,Chennai Super Kings,wickets,4,173,20,N,NA,Nitin Menon,RK Illingworth
1254115,Sharjah,11-10-2021,Eliminator,SP Narine,NULL,387,Sharjah Cricket Stadium,Royal Challengers Bangalore,Kolkata Knight Riders,Royal Challengers Bangalore,bat,Kolkata Knight Riders,wickets,4,139,20,N,NA,CB Gaffaney,VK Sharma
1254116,Sharjah,13-10-2021,Qualifier 2,VR Iyer,NULL,421,Sharjah Cricket Stadium,Delhi Capitals,Kolkata Knight Riders,Kolkata Knight Riders,field,Kolkata Knight Riders,wickets,3,136,20,N,NA,KN Ananthapadmanabhan,MA Gough
1254117,Dubai,15-10-2021,Final,F du Plessis,191,NULL,Dubai International Cricket Stadium,Chennai Super Kings,Kolkata Knight Riders,Kolkata Knight Riders,field,Chennai Super Kings,runs,27,193,20,N,NA,Nitin Menon,RK Illingworth
1304047,Mumbai,26-03-2022,Match 1,UT Yadav,NULL,415,"Wankhede Stadium, Mumbai",Chennai Super Kings,Kolkata Knight Riders,Kolkata Knight Riders,field,Kolkata Knight Riders,wickets,6,132,20,N,NA,AK Chaudhary,Nitin Menon
1304048,Mumbai,27-03-2022,Match 2,Kuldeep Yadav,NULL,202,"Brabourne Stadium, Mumbai",Mumbai Indians,Delhi Capitals,Delhi Capitals,field,Delhi Capitals,wickets,4,178,20,N,NA,RJ Tucker,HAS Khalid
1304049,Mumbai,27-03-2022,Match 3,OF Smith,407,NULL,"Dr DY Patil Sports Academy, Mumbai",Royal Challengers Bangalore,Punjab Kings,Punjab Kings,field,Punjab Kings,wickets,5,206,20,N,NA,Nitin Menon,YC Barde
1304050,Mumbai,28-03-2022,Match 4,Mohammed Shami,NULL,244,"Wankhede Stadium, Mumbai",Lucknow Super Giants,Gujarat Titans,Gujarat Titans,field,Gujarat Titans,wickets,5,159,20,N,NA,PG Pathak,VK Sharma
1304051,Pune,29-03-2022,Match 5,SV Samson,510,NULL,"Maharashtra Cricket Association Stadium, Pune",Rajasthan Royals,Sunrisers Hyderabad,Sunrisers Hyderabad,field,Rajasthan Royals,runs,61,211,20,N,NA,BNJ Oxenford,UV Gandhe
1304052,Mumbai,30-03-2022,Match 6,PWH de Silva,642,NULL,"Dr DY Patil Sports Academy, Mumbai",Kolkata Knight Riders,Royal Challengers Bangalore,Royal Challengers Bangalore,field,Royal Challengers Bangalore,wickets,3,129,20,N,NA,J Madanagopal,Navdeep Singh
1304053,Mumbai,31-03-2022,Match 7,E Lewis,189,NULL,"Brabourne Stadium, Mumbai",Chennai Super Kings,Lucknow Super Giants,Lucknow Super Giants,field,Lucknow Super Giants,wickets,6,211,20,N,NA,RJ Tucker,VK Sharma
1304054,Mumbai,01-04-2022,Match 8,UT Yadav,NULL,415,"Wankhede Stadium, Mumbai",Punjab Kings,Kolkata Knight Riders,Kolkata Knight Riders,field,Kolkata Knight Riders,wickets,6,138,20,N,NA,AK Chaudhary,HAS Khalid
1304055,Mumbai,02-04-2022,Match 9,JC Buttler,264,NULL,"Dr DY Patil Sports Academy, Mumbai",Rajasthan Royals,Mumbai Indians,Mumbai Indians,field,Rajasthan Royals,runs,23,194,20,N,NA,Nitin Menon,PG Pathak
1304056,Pune,02-04-2022,Match 10,LH Ferguson,NULL,217,"Maharashtra Cricket Association Stadium, Pune",Gujarat Titans,Delhi Capitals,Delhi Capitals,field,Gujarat Titans,runs,14,172,20,N,NA,KN Ananthapadmanabhan,UV Gandhe
1304057,Mumbai,03-04-2022,Match 11,LS Livingstone,312,NULL,"Brabourne Stadium, Mumbai",Punjab Kings,Chennai Super Kings,Chennai Super Kings,field,Punjab Kings,runs,54,181,20,N,NA,RJ Tucker,YC Barde
1304058,Mumbai,04-04-2022,Match 12,Avesh Khan,NULL,56,"Dr DY Patil Sports Academy, Mumbai",Lucknow Super Giants,Sunrisers Hyderabad,Sunrisers Hyderabad,field,Lucknow Super Giants,runs,12,170,20,N,NA,J Madanagopal,Navdeep Singh
1304059,Mumbai,05-04-2022,Match 13,KD Karthik,172,NULL,"Wankhede Stadium, Mumbai",Rajasthan Royals,Royal Challengers Bangalore,Royal Challengers Bangalore,field,Royal Challengers Bangalore,wickets,4,170,20,N,NA,AK Chaudhary,HAS Khalid
1304060,Pune,06-04-2022,Match 14,PJ Cummins,415,NULL,"Maharashtra Cricket Association Stadium, Pune",Mumbai Indians,Kolkata Knight Riders,Kolkata Knight Riders,field,Kolkata Knight Riders,wickets,5,162,20,N,NA,BNJ Oxenford,KN Ananthapadmanabhan
1304061,Mumbai,07-04-2022,Match 15,Q de Kock,439,NULL,"Dr DY Patil Sports Academy, Mumbai",Delhi Capitals,Lucknow Super Giants,Lucknow Super Giants,field,Lucknow Super Giants,wickets,6,150,20,N,NA,RJ Tucker,Tapan Sharma
1304062,Mumbai,08-04-2022,Match 16,Shubman Gill,556,NULL,"Brabourne Stadium, Mumbai",Punjab Kings,Gujarat Titans,Gujarat Titans,field,Gujarat Titans,wickets,6,190,20,N,NA,AK Chaudhary,VK Sharma
1304063,Mumbai,09-04-2022,Match 17,Abhishek Sharma,14,NULL,"Dr DY Patil Sports Academy, Mumbai",Chennai Super Kings,Sunrisers Hyderabad,Sunrisers Hyderabad,field,Sunrisers Hyderabad,wickets,8,155,20,N,NA,Navdeep Singh,Nitin Menon
1304064,Pune,09-04-2022,Match 18,Anuj Rawat,67,NULL,"Maharashtra Cricket Association Stadium, Pune",Mumbai Indians,Royal Challengers Bangalore,Royal Challengers Bangalore,field,Royal Challengers Bangalore,wickets,7,152,20,N,NA,BNJ Oxenford,KN Ananthapadmanabhan
1304065,Mumbai,10-04-2022,Match 19,Kuldeep Yadav,NULL,202,"Brabourne Stadium, Mumbai",Delhi Capitals,Kolkata Knight Riders,Kolkata Knight Riders,field,Delhi Capitals,runs,44,216,20,N,NA,CB Gaffaney,J Madanagopal
1304066,Mumbai,10-04-2022,Match 20,YS Chahal,NULL,446,"Wankhede Stadium, Mumbai",Rajasthan Royals,Lucknow Super Giants,Lucknow Super Giants,field,Rajasthan Royals,runs,3,166,20,N,NA,AK Chaudhary,Tapan Sharma
1304067,Mumbai,11-04-2022,Match 21,KS Williamson,276,NULL,"Dr DY Patil Sports Academy, Mumbai",Gujarat Titans,Sunrisers Hyderabad,Sunrisers Hyderabad,field,Sunrisers Hyderabad,wickets,8,163,20,N,NA,Chirra Ravikanthreddy,RJ Tucker
1304068,Mumbai,12-04-2022,Match 22,S Dube,541,NULL,"Dr DY Patil Sports Academy, Mumbai",Chennai Super Kings,Royal Challengers Bangalore,Royal Challengers Bangalore,field,Chennai Super Kings,runs,23,217,20,N,NA,Nitin Menon,N Pandit
1304069,Pune,13-04-2022,Match 23,MA Agarwal,346,NULL,"Maharashtra Cricket Association Stadium, Pune",Punjab Kings,Mumbai Indians,Mumbai Indians,field,Punjab Kings,runs,12,199,20,N,NA,BNJ Oxenford,UV Gandhe
1304070,Mumbai,14-04-2022,Match 24,HH Pandya,209,NULL,"Dr DY Patil Sports Academy, Mumbai",Gujarat Titans,Rajasthan Royals,Rajasthan Royals,field,Gujarat Titans,runs,37,193,20,N,NA,CB Gaffaney,R Pandit
1304071,Mumbai,15-04-2022,Match 25,RA Tripathi,447,NULL,"Brabourne Stadium, Mumbai",Kolkata Knight Riders,Sunrisers Hyderabad,Sunrisers Hyderabad,field,Sunrisers Hyderabad,wickets,7,176,20,N,NA,GR Sadashiv Iyer,VK Sharma
1304072,Mumbai,16-04-2022,Match 26,KL Rahul,269,NULL,"Brabourne Stadium, Mumbai",Lucknow Super Giants,Mumbai Indians,Mumbai Indians,field,Lucknow Super Giants,runs,18,200,20,N,NA,AK Chaudhary,NA Patwardhan
1304073,Mumbai,16-04-2022,Match 27,KD Karthik,172,NULL,"Wankhede Stadium, Mumbai",Royal Challengers Bangalore,Delhi Capitals,Delhi Capitals,field,Royal Challengers Bangalore,runs,16,190,20,N,NA,Chirra Ravikanthreddy,J Madanagopal
1304074,Mumbai,17-04-2022,Match 28,Umran Malik,NULL,416,"Dr DY Patil Sports Academy, Mumbai",Punjab Kings,Sunrisers Hyderabad,Sunrisers Hyderabad,field,Sunrisers Hyderabad,wickets,7,152,20,N,NA,PG Pathak,R Pandit
1304075,Pune,17-04-2022,Match 29,DA Miller,153,NULL,"Maharashtra Cricket Association Stadium, Pune",Chennai Super Kings,Gujarat Titans,Gujarat Titans,field,Gujarat Titans,wickets,3,170,20,N,NA,KN Ananthapadmanabhan,UV Gandhe
1304076,Mumbai,18-04-2022,Match 30,YS Chahal,NULL,446,"Brabourne Stadium, Mumbai",Rajasthan Royals,Kolkata Knight Riders,Kolkata Knight Riders,field,Rajasthan Royals,runs,7,218,20,N,NA,GR Sadashiv Iyer,VK Sharma
1304077,Mumbai,19-04-2022,Match 31,F du Plessis,191,NULL,"Dr DY Patil Sports Academy, Mumbai",Royal Challengers Bangalore,Lucknow Super Giants,Lucknow Super Giants,field,Royal Challengers Bangalore,runs,18,182,20,N,NA,CB Gaffaney,N Pandit
1304078,Mumbai,20-04-2022,Match 32,Kuldeep Yadav,NULL,202,"Brabourne Stadium, Mumbai",Punjab Kings,Delhi Capitals,Delhi Capitals,field,Delhi Capitals,wickets,9,116,20,N,NA,RJ Tucker,Tapan Sharma
1304079,Navi Mumbai,21-04-2022,Match 33,Mukesh Choudhary,NULL,251,"Dr DY Patil Sports Academy, Mumbai",Mumbai Indians,Chennai Super Kings,Chennai Super Kings,field,Chennai Super Kings,wickets,3,156,20,N,NA,BNJ Oxenford,UV Gandhe
1304080,Mumbai,22-04-2022,Match 34,JC Buttler,264,NULL,"Wankhede Stadium, Mumbai",Rajasthan Royals,Delhi Capitals,Delhi Capitals,field,Rajasthan Royals,runs,15,223,20,N,NA,NA Patwardhan,Nitin Menon
1304081,Navi Mumbai,23-04-2022,Match 35,Rashid Khan,NULL,307,"Dr DY Patil Sports Academy, Mumbai",Gujarat Titans,Kolkata Knight Riders,Gujarat Titans,bat,Gujarat Titans,runs,8,157,20,N,NA,KN Ananthapadmanabhan,UV Gandhe
1304082,Mumbai,23-04-2022,Match 36,M Jansen,NULL,230,"Brabourne Stadium, Mumbai",Royal Challengers Bangalore,Sunrisers Hyderabad,Sunrisers Hyderabad,field,Sunrisers Hyderabad,wickets,9,69,20,N,NA,Chirra Ravikanthreddy,J Madanagopal
1304083,Mumbai,24-04-2022,Match 37,KL Rahul,269,NULL,"Wankhede Stadium, Mumbai",Lucknow Super Giants,Mumbai Indians,Mumbai Indians,field,Lucknow Super Giants,runs,36,169,20,N,NA,M Erasmus,HAS Khalid
1304084,Mumbai,25-04-2022,Match 38,S Dhawan,539,NULL,"Wankhede Stadium, Mumbai",Punjab Kings,Chennai Super Kings,Chennai Super Kings,field,Punjab Kings,runs,11,188,20,N,NA,M Erasmus,Tapan Sharma
1304085,Pune,26-04-2022,Match 39,R Parag,476,NULL,"Maharashtra Cricket Association Stadium, Pune",Rajasthan Royals,Royal Challengers Bangalore,Royal Challengers Bangalore,field,Rajasthan Royals,runs,29,145,20,N,NA,BNJ Oxenford,KN Ananthapadmanabhan
1304086,Mumbai,27-04-2022,Match 40,Umran Malik,NULL,416,"Wankhede Stadium, Mumbai",Sunrisers Hyderabad,Gujarat Titans,Gujarat Titans,field,Gujarat Titans,wickets,5,196,20,N,NA,CB Gaffaney,Navdeep Singh
1304087,Mumbai,28-04-2022,Match 41,Kuldeep Yadav,NULL,202,"Wankhede Stadium, Mumbai",Kolkata Knight Riders,Delhi Capitals,Delhi Capitals,field,Delhi Capitals,wickets,4,147,20,N,NA,AK Chaudhary,PG Pathak
1304088,Pune,29-04-2022,Match 42,KH Pandya,296,NULL,"Maharashtra Cricket Association Stadium, Pune",Lucknow Super Giants,Punjab Kings,Punjab Kings,field,Lucknow Super Giants,runs,20,154,20,N,NA,MA Gough,UV Gandhe
1304089,Mumbai,30-04-2022,Match 43,R Tewatia,446,NULL,"Brabourne Stadium, Mumbai",Royal Challengers Bangalore,Gujarat Titans,Royal Challengers Bangalore,bat,Gujarat Titans,wickets,6,171,20,N,NA,HAS Khalid,VK Sharma
1304090,Navi Mumbai,30-04-2022,Match 44,SA Yadav,585,NULL,"Dr DY Patil Sports Academy, Mumbai",Rajasthan Royals,Mumbai Indians,Mumbai Indians,field,Mumbai Indians,wickets,5,159,20,N,NA,BNJ Oxenford,YC Barde
1304091,Mumbai,01-05-2022,Match 45,Mohsin Khan,NULL,247,"Wankhede Stadium, Mumbai",Lucknow Super Giants,Delhi Capitals,Lucknow Super Giants,bat,Lucknow Super Giants,runs,6,196,20,N,NA,Chirra Ravikanthreddy,CB Gaffaney
1304092,Pune,01-05-2022,Match 46,RD Gaikwad,490,NULL,"Maharashtra Cricket Association Stadium, Pune",Chennai Super Kings,Sunrisers Hyderabad,Sunrisers Hyderabad,field,Chennai Super Kings,runs,13,203,20,N,NA,AK Chaudhary,KN Ananthapadmanabhan
1304093,Mumbai,02-05-2022,Match 47,RK Singh,472,NULL,"Wankhede Stadium, Mumbai",Rajasthan Royals,Kolkata Knight Riders,Kolkata Knight Riders,field,Kolkata Knight Riders,wickets,7,153,20,N,NA,J Madanagopal,N Pandit
1304094,Navi Mumbai,03-05-2022,Match 48,K Rabada,NULL,182,"Dr DY Patil Sports Academy, Mumbai",Gujarat Titans,Punjab Kings,Gujarat Titans,bat,Punjab Kings,wickets,8,144,20,N,NA,R Pandit,VK Sharma
1304095,Pune,04-05-2022,Match 49,HV Patel,NULL,142,"Maharashtra Cricket Association Stadium, Pune",Royal Challengers Bangalore,Chennai Super Kings,Chennai Super Kings,field,Royal Challengers Bangalore,runs,13,174,20,N,NA,KN Ananthapadmanabhan,MA Gough
1304096,Mumbai,05-05-2022,Match 50,DA Warner,154,NULL,"Brabourne Stadium, Mumbai",Delhi Capitals,Sunrisers Hyderabad,Sunrisers Hyderabad,field,Delhi Capitals,runs,21,208,20,N,NA,Navdeep Singh,NA Patwardhan
1304097,Mumbai,06-05-2022,Match 51,TH David,601,NULL,"Brabourne Stadium, Mumbai",Mumbai Indians,Gujarat Titans,Gujarat Titans,field,Mumbai Indians,runs,5,178,20,N,NA,J Madanagopal,GR Sadashiv Iyer
1304098,Mumbai,07-05-2022,Match 52,YBK Jaiswal,651,NULL,"Wankhede Stadium, Mumbai",Punjab Kings,Rajasthan Royals,Punjab Kings,bat,Rajasthan Royals,wickets,6,190,20,N,NA,Chirra Ravikanthreddy,YC Barde
1304099,Pune,07-05-2022,Match 53,Avesh Khan,NULL,56,"Maharashtra Cricket Association Stadium, Pune",Lucknow Super Giants,Kolkata Knight Riders,Kolkata Knight Riders,field,Lucknow Super Giants,runs,75,177,20,N,NA,AK Chaudhary,MA Gough
1304100,Mumbai,08-05-2022,Match 54,PWH de Silva,642,NULL,"Wankhede Stadium, Mumbai",Royal Challengers Bangalore,Sunrisers Hyderabad,Royal Challengers Bangalore,bat,Royal Challengers Bangalore,runs,67,193,20,N,NA,BNJ Oxenford,N Pandit
1304101,Navi Mumbai,08-05-2022,Match 55,DP Conway,163,NULL,"Dr DY Patil Sports Academy, Mumbai",Chennai Super Kings,Delhi Capitals,Delhi Capitals,field,Chennai Super Kings,runs,91,209,20,N,NA,Nitin Menon,R Pandit
1304102,Navi Mumbai,09-05-2022,Match 56,JJ Bumrah,247,NULL,"Dr DY Patil Sports Academy, Mumbai",Kolkata Knight Riders,Mumbai Indians,Mumbai Indians,field,Kolkata Knight Riders,runs,52,166,20,N,NA,CB Gaffaney,GR Sadashiv Iyer
1304103,Pune,10-05-2022,Match 57,Shubman Gill,556,NULL,"Maharashtra Cricket Association Stadium, Pune",Gujarat Titans,Lucknow Super Giants,Gujarat Titans,bat,Gujarat Titans,runs,62,145,20,N,NA,KN Ananthapadmanabhan,MA Gough
1304104,Navi Mumbai,11-05-2022,Match 58,MR Marsh,356,NULL,"Dr DY Patil Sports Academy, Mumbai",Rajasthan Royals,Delhi Capitals,Delhi Capitals,field,Delhi Capitals,wickets,8,161,20,N,NA,NA Patwardhan,Nitin Menon
1304105,Mumbai,12-05-2022,Match 59,DR Sams,NULL,97,"Wankhede Stadium, Mumbai",Chennai Super Kings,Mumbai Indians,Mumbai Indians,field,Mumbai Indians,wickets,5,98,20,N,NA,Chirra Ravikanthreddy,CB Gaffaney
1304106,Mumbai,13-05-2022,Match 60,JM Bairstow,263,NULL,"Brabourne Stadium, Mumbai",Punjab Kings,Royal Challengers Bangalore,Royal Challengers Bangalore,field,Punjab Kings,runs,54,210,20,N,NA,J Madanagopal,N Pandit
1304107,Pune,14-05-2022,Match 61,AD Russell,49,NULL,"Maharashtra Cricket Association Stadium, Pune",Kolkata Knight Riders,Sunrisers Hyderabad,Kolkata Knight Riders,bat,Kolkata Knight Riders,runs,54,178,20,N,NA,AK Chaudhary,KN Ananthapadmanabhan
1304108,Mumbai,15-05-2022,Match 62,WP Saha,648,NULL,"Wankhede Stadium, Mumbai",Chennai Super Kings,Gujarat Titans,Chennai Super Kings,bat,Gujarat Titans,wickets,7,134,20,N,NA,R Pandit,VK Sharma
1304109,Mumbai,15-05-2022,Match 63,TA Boult,NULL,409,"Brabourne Stadium, Mumbai",Rajasthan Royals,Lucknow Super Giants,Rajasthan Royals,bat,Rajasthan Royals,runs,24,179,20,N,NA,PG Pathak,Tapan Sharma
1304110,Navi Mumbai,16-05-2022,Match 64,SN Thakur,NULL,357,"Dr DY Patil Sports Academy, Mumbai",Delhi Capitals,Punjab Kings,Punjab Kings,field,Delhi Capitals,runs,17,160,20,N,NA,GR Sadashiv Iyer,Nitin Menon
1304111,Mumbai,17-05-2022,Match 65,RA Tripathi,447,NULL,"Wankhede Stadium, Mumbai",Sunrisers Hyderabad,Mumbai Indians,Mumbai Indians,field,Sunrisers Hyderabad,runs,3,194,20,N,NA,CB Gaffaney,N Pandit
1304112,Navi Mumbai,18-05-2022,Match 66,Q de Kock,439,NULL,"Dr DY Patil Sports Academy, Mumbai",Lucknow Super Giants,Kolkata Knight Riders,Lucknow Super Giants,bat,Lucknow Super Giants,runs,2,211,20,N,NA,R Pandit,YC Barde
1304113,Mumbai,19-05-2022,Match 67,V Kohli,635,NULL,"Wankhede Stadium, Mumbai",Gujarat Titans,Royal Challengers Bangalore,Gujarat Titans,bat,Royal Challengers Bangalore,wickets,8,169,20,N,NA,KN Ananthapadmanabhan,GR Sadashiv Iyer
1304114,Mumbai,20-05-2022,Match 68,R Ashwin,NULL,312,"Brabourne Stadium, Mumbai",Chennai Super Kings,Rajasthan Royals,Chennai Super Kings,bat,Rajasthan Royals,wickets,5,151,20,N,NA,CB Gaffaney,NA Patwardhan
1304115,Mumbai,21-05-2022,Match 69,JJ Bumrah,247,NULL,"Wankhede Stadium, Mumbai",Delhi Capitals,Mumbai Indians,Mumbai Indians,field,Mumbai Indians,wickets,5,160,20,N,NA,Nitin Menon,Tapan Sharma
1304116,Mumbai,22-05-2022,Match 70,Harpreet Brar,NULL,141,"Wankhede Stadium, Mumbai",Sunrisers Hyderabad,Punjab Kings,Sunrisers Hyderabad,bat,Punjab Kings,wickets,5,158,20,N,NA,AK Chaudhary,NA Patwardhan
1312197,Kolkata,24-05-2022,Qualifier 1,DA Miller,153,NULL,"Eden Gardens, Kolkata",Rajasthan Royals,Gujarat Titans,Gujarat Titans,field,Gujarat Titans,wickets,7,189,20,N,NA,BNJ Oxenford,VK Sharma
1312198,Kolkata,25-05-2022,Eliminator,RM Patidar,452,NULL,"Eden Gardens, Kolkata",Royal Challengers Bangalore,Lucknow Super Giants,Lucknow Super Giants,field,Royal Challengers Bangalore,runs,14,208,20,N,NA,J Madanagopal,MA Gough
1312199,Ahmedabad,27-05-2022,Qualifier 2,JC Buttler,264,NULL,"Narendra Modi Stadium, Ahmedabad",Royal Challengers Bangalore,Rajasthan Royals,Rajasthan Royals,field,Rajasthan Royals,wickets,7,158,20,N,NA,CB Gaffaney,Nitin Menon
1312200,Ahmedabad,29-05-2022,Final,HH Pandya,209,NULL,"Narendra Modi Stadium, Ahmedabad",Rajasthan Royals,Gujarat Titans,Rajasthan Royals,bat,Gujarat Titans,wickets,7,131,20,N,NA,CB Gaffaney,Nitin Menon
1359475,Ahmedabad,31-03-2023,Match 1,Rashid Khan,NULL,307,"Narendra Modi Stadium, Ahmedabad",Chennai Super Kings,Gujarat Titans,Gujarat Titans,field,Gujarat Titans,wickets,5,179,20,N,NA,Nitin Menon,HAS Khalid
1359476,Chandigarh,01-04-2023,Match 2,Arshdeep Singh,NULL,46,"Punjab Cricket Association IS Bindra Stadium, Mohali, Chandigarh",Punjab Kings,Kolkata Knight Riders,Kolkata Knight Riders,field,Punjab Kings,runs,7,154,16,N,D/L,BNJ Oxenford,YC Barde
1359477,Lucknow,01-04-2023,Match 3,MA Wood,339,NULL,"Bharat Ratna Shri Atal Bihari Vajpayee Ekana Cricket Stadium, Lucknow",Lucknow Super Giants,Delhi Capitals,Delhi Capitals,field,Lucknow Super Giants,runs,50,194,20,N,NA,AK Chaudhary,NA Patwardhan
1359478,Hyderabad,02-04-2023,Match 4,JC Buttler,264,NULL,"Rajiv Gandhi International Stadium, Uppal, Hyderabad",Rajasthan Royals,Sunrisers Hyderabad,Sunrisers Hyderabad,field,Rajasthan Royals,runs,72,204,20,N,NA,KN Ananthapadmanabhan,R Pandit
1359479,Bengaluru,02-04-2023,Match 5,F du Plessis,191,NULL,"M Chinnaswamy Stadium, Bengaluru",Mumbai Indians,Royal Challengers Bangalore,Royal Challengers Bangalore,field,Royal Challengers Bangalore,wickets,8,172,20,N,NA,Nitin Menon,Tapan Sharma
1359480,Chennai,03-04-2023,Match 6,MM Ali,361,NULL,"MA Chidambaram Stadium, Chepauk, Chennai",Chennai Super Kings,Lucknow Super Giants,Lucknow Super Giants,field,Chennai Super Kings,runs,12,218,20,N,NA,A Totre,BNJ Oxenford
1359481,Delhi,04-04-2023,Match 7,B Sai Sudharsan,500,NULL,"Arun Jaitley Stadium, Delhi",Delhi Capitals,Gujarat Titans,Gujarat Titans,field,Gujarat Titans,wickets,6,163,20,N,NA,A Nand Kishore,GR Sadashiv Iyer
1359482,Guwahati,05-04-2023,Match 8,NT Ellis,NULL,261,"Barsapara Cricket Stadium, Guwahati",Punjab Kings,Rajasthan Royals,Rajasthan Royals,field,Punjab Kings,runs,5,198,20,N,NA,KN Ananthapadmanabhan,MV Saidharshan Kumar
1359483,Kolkata,06-04-2023,Match 9,SN Thakur,NULL,357,"Eden Gardens, Kolkata",Kolkata Knight Riders,Royal Challengers Bangalore,Royal Challengers Bangalore,field,Kolkata Knight Riders,runs,81,205,20,N,NA,Vinod Seshan,VK Sharma
1359484,Lucknow,07-04-2023,Match 10,KH Pandya,296,NULL,"Bharat Ratna Shri Atal Bihari Vajpayee Ekana Cricket Stadium, Lucknow",Sunrisers Hyderabad,Lucknow Super Giants,Sunrisers Hyderabad,bat,Lucknow Super Giants,wickets,5,122,20,N,NA,J Madanagopal,YC Barde
1359485,Guwahati,08-04-2023,Match 11,YBK Jaiswal,651,NULL,"Barsapara Cricket Stadium, Guwahati",Rajasthan Royals,Delhi Capitals,Delhi Capitals,field,Rajasthan Royals,runs,57,200,20,N,NA,Navdeep Singh,MV Saidharshan Kumar
1359486,Mumbai,08-04-2023,Match 12,RA Jadeja,NULL,313,"Wankhede Stadium, Mumbai",Mumbai Indians,Chennai Super Kings,Chennai Super Kings,field,Chennai Super Kings,wickets,7,158,20,N,NA,CB Gaffaney,NA Patwardhan
1359487,Ahmedabad,09-04-2023,Match 13,RK Singh,472,NULL,"Narendra Modi Stadium, Ahmedabad",Gujarat Titans,Kolkata Knight Riders,Gujarat Titans,bat,Kolkata Knight Riders,wickets,3,205,20,N,NA,Nitin Menon,Tapan Sharma
1359488,Hyderabad,09-04-2023,Match 14,S Dhawan,539,NULL,"Rajiv Gandhi International Stadium, Uppal, Hyderabad",Punjab Kings,Sunrisers Hyderabad,Sunrisers Hyderabad,field,Sunrisers Hyderabad,wickets,8,144,20,N,NA,BNJ Oxenford,UV Gandhe
1359489,Bengaluru,10-04-2023,Match 15,N Pooran,397,NULL,"M Chinnaswamy Stadium, Bengaluru",Royal Challengers Bangalore,Lucknow Super Giants,Lucknow Super Giants,field,Lucknow Super Giants,wickets,1,213,20,N,NA,AK Chaudhary,A Nand Kishore
1359490,Delhi,11-04-2023,Match 16,RG Sharma,483,NULL,"Arun Jaitley Stadium, Delhi",Delhi Capitals,Mumbai Indians,Mumbai Indians,field,Mumbai Indians,wickets,6,173,20,N,NA,MA Gough,R Pandit
1359491,Chennai,12-04-2023,Match 17,R Ashwin,NULL,312,"MA Chidambaram Stadium, Chepauk, Chennai",Rajasthan Royals,Chennai Super Kings,Chennai Super Kings,field,Rajasthan Royals,runs,3,176,20,N,NA,Vinod Seshan,VK Sharma
1359492,Chandigarh,13-04-2023,Match 18,MM Sharma,NULL,246,"Punjab Cricket Association IS Bindra Stadium, Mohali, Chandigarh",Punjab Kings,Gujarat Titans,Gujarat Titans,field,Gujarat Titans,wickets,6,154,20,N,NA,A Totre,J Madanagopal
1359493,Kolkata,14-04-2023,Match 19,HC Brook,215,NULL,"Eden Gardens, Kolkata",Sunrisers Hyderabad,Kolkata Knight Riders,Kolkata Knight Riders,field,Sunrisers Hyderabad,runs,23,229,20,N,NA,CB Gaffaney,GR Sadashiv Iyer
1359494,Bengaluru,15-04-2023,Match 20,V Kohli,635,NULL,"M Chinnaswamy Stadium, Bengaluru",Royal Challengers Bangalore,Delhi Capitals,Delhi Capitals,field,Royal Challengers Bangalore,runs,23,175,20,N,NA,KN Ananthapadmanabhan,MV Saidharshan Kumar
1359495,Lucknow,15-04-2023,Match 21,Sikandar Raza,561,NULL,"Bharat Ratna Shri Atal Bihari Vajpayee Ekana Cricket Stadium, Lucknow",Lucknow Super Giants,Punjab Kings,Punjab Kings,field,Punjab Kings,wickets,2,160,20,N,NA,HAS Khalid,VK Sharma
1359496,Mumbai,16-04-2023,Match 22,VR Iyer,NULL,421,"Wankhede Stadium, Mumbai",Kolkata Knight Riders,Mumbai Indians,Mumbai Indians,field,Mumbai Indians,wickets,5,186,20,N,NA,BNJ Oxenford,UV Gandhe
1359497,Ahmedabad,16-04-2023,Match 23,SO Hetmyer,540,NULL,"Narendra Modi Stadium, Ahmedabad",Gujarat Titans,Rajasthan Royals,Rajasthan Royals,field,Rajasthan Royals,wickets,3,178,20,N,NA,AK Chaudhary,CB Gaffaney
1359498,Bengaluru,17-04-2023,Match 24,DP Conway,163,NULL,"M Chinnaswamy Stadium, Bengaluru",Chennai Super Kings,Royal Challengers Bangalore,Royal Challengers Bangalore,field,Chennai Super Kings,runs,8,227,20,N,NA,KN Ananthapadmanabhan,Navdeep Singh
1359499,Hyderabad,18-04-2023,Match 25,C Green,NULL,77,"Rajiv Gandhi International Stadium, Uppal, Hyderabad",Mumbai Indians,Sunrisers Hyderabad,Sunrisers Hyderabad,field,Mumbai Indians,runs,14,193,20,N,NA,Nitin Menon,Vinod Seshan
1359500,Jaipur,19-04-2023,Match 26,MP Stoinis,337,NULL,"Sawai Mansingh Stadium, Jaipur",Lucknow Super Giants,Rajasthan Royals,Rajasthan Royals,field,Lucknow Super Giants,runs,10,155,20,N,NA,J Madanagopal,YC Barde
1359501,Chandigarh,20-04-2023,Match 27,Mohammed Siraj,NULL,245,"Punjab Cricket Association IS Bindra Stadium, Mohali, Chandigarh",Royal Challengers Bangalore,Punjab Kings,Punjab Kings,field,Royal Challengers Bangalore,runs,24,175,20,N,NA,AK Chaudhary,GR Sadashiv Iyer
1359502,Delhi,20-04-2023,Match 28,I Sharma,NULL,151,"Arun Jaitley Stadium, Delhi",Kolkata Knight Riders,Delhi Capitals,Delhi Capitals,field,Delhi Capitals,wickets,4,128,20,N,NA,MA Gough,R Pandit
1359503,Chennai,21-04-2023,Match 29,RA Jadeja,NULL,313,"MA Chidambaram Stadium, Chepauk, Chennai",Sunrisers Hyderabad,Chennai Super Kings,Chennai Super Kings,field,Chennai Super Kings,wickets,7,135,20,N,NA,HAS Khalid,VK Sharma
1359504,Lucknow,22-04-2023,Match 30,MM Sharma,NULL,246,"Bharat Ratna Shri Atal Bihari Vajpayee Ekana Cricket Stadium, Lucknow",Gujarat Titans,Lucknow Super Giants,Gujarat Titans,bat,Gujarat Titans,runs,7,136,20,N,NA,A Totre,RJ Tucker
1359505,Mumbai,22-04-2023,Match 31,SM Curran,503,NULL,"Wankhede Stadium, Mumbai",Punjab Kings,Mumbai Indians,Mumbai Indians,field,Punjab Kings,runs,13,215,20,N,NA,CB Gaffaney,GR Sadashiv Iyer
1359506,Bengaluru,23-04-2023,Match 32,GJ Maxwell,199,NULL,"M Chinnaswamy Stadium, Bengaluru",Royal Challengers Bangalore,Rajasthan Royals,Rajasthan Royals,field,Royal Challengers Bangalore,runs,7,190,20,N,NA,MA Gough,MV Saidharshan Kumar
1359507,Kolkata,23-04-2023,Match 33,AM Rahane,28,NULL,"Eden Gardens, Kolkata",Chennai Super Kings,Kolkata Knight Riders,Kolkata Knight Riders,field,Chennai Super Kings,runs,49,236,20,N,NA,Nitin Menon,Tapan Sharma
1359508,Hyderabad,24-04-2023,Match 34,AR Patel,NULL,57,"Rajiv Gandhi International Stadium, Uppal, Hyderabad",Delhi Capitals,Sunrisers Hyderabad,Delhi Capitals,bat,Delhi Capitals,runs,7,145,20,N,NA,J Madanagopal,RJ Tucker
1359509,Ahmedabad,25-04-2023,Match 35,A Manohar,9,NULL,"Narendra Modi Stadium, Ahmedabad",Gujarat Titans,Mumbai Indians,Mumbai Indians,field,Gujarat Titans,runs,55,208,20,N,NA,AK Chaudhary,A Nand Kishore
1359510,Bengaluru,26-04-2023,Match 36,CV Varun,NULL,419,"M Chinnaswamy Stadium, Bengaluru",Kolkata Knight Riders,Royal Challengers Bangalore,Royal Challengers Bangalore,field,Kolkata Knight Riders,runs,21,201,20,N,NA,KN Ananthapadmanabhan,R Pandit
1359511,Jaipur,27-04-2023,Match 37,YBK Jaiswal,651,NULL,"Sawai Mansingh Stadium, Jaipur",Rajasthan Royals,Chennai Super Kings,Rajasthan Royals,bat,Rajasthan Royals,runs,32,203,20,N,NA,A Totre,YC Barde
1359512,Chandigarh,28-04-2023,Match 38,MP Stoinis,337,NULL,"Punjab Cricket Association IS Bindra Stadium, Mohali, Chandigarh",Lucknow Super Giants,Punjab Kings,Punjab Kings,field,Lucknow Super Giants,runs,56,258,20,N,NA,Nitin Menon,Vinod Seshan
1359513,Kolkata,29-04-2023,Match 39,J Little,NULL,179,"Eden Gardens, Kolkata",Kolkata Knight Riders,Gujarat Titans,Gujarat Titans,field,Gujarat Titans,wickets,7,180,20,N,NA,NA Patwardhan,GR Sadashiv Iyer
1359514,Delhi,29-04-2023,Match 40,MR Marsh,356,NULL,"Arun Jaitley Stadium, Delhi",Sunrisers Hyderabad,Delhi Capitals,Sunrisers Hyderabad,bat,Sunrisers Hyderabad,runs,9,198,20,N,NA,MA Gough,Navdeep Singh
1359515,Chennai,30-04-2023,Match 41,DP Conway,163,NULL,"MA Chidambaram Stadium, Chepauk, Chennai",Chennai Super Kings,Punjab Kings,Chennai Super Kings,bat,Punjab Kings,wickets,4,201,20,N,NA,RJ Tucker,UV Gandhe
1359516,Mumbai,30-04-2023,Match 42,YBK Jaiswal,651,NULL,"Wankhede Stadium, Mumbai",Rajasthan Royals,Mumbai Indians,Rajasthan Royals,bat,Mumbai Indians,wickets,6,213,20,N,NA,Vinod Seshan,VK Sharma
1359517,Lucknow,01-05-2023,Match 43,F du Plessis,191,NULL,"Bharat Ratna Shri Atal Bihari Vajpayee Ekana Cricket Stadium, Lucknow",Royal Challengers Bangalore,Lucknow Super Giants,Royal Challengers Bangalore,bat,Royal Challengers Bangalore,runs,18,127,20,N,NA,AK Chaudhary,GR Sadashiv Iyer
1359518,Ahmedabad,02-05-2023,Match 44,Mohammed Shami,NULL,244,"Narendra Modi Stadium, Ahmedabad",Delhi Capitals,Gujarat Titans,Delhi Capitals,bat,Delhi Capitals,runs,5,131,20,N,NA,MA Gough,R Pandit
1359519,Lucknow,03-05-2023,Match 45,NA,NULL,NULL,"Bharat Ratna Shri Atal Bihari Vajpayee Ekana Cricket Stadium, Lucknow",Lucknow Super Giants,Chennai Super Kings,Chennai Super Kings,field,NA,no result,NA,NA,NA,N,NA,AK Chaudhary,NA Patwardhan
1359520,Chandigarh,03-05-2023,Match 46,Ishan Kishan,227,NULL,"Punjab Cricket Association IS Bindra Stadium, Mohali, Chandigarh",Punjab Kings,Mumbai Indians,Mumbai Indians,field,Mumbai Indians,wickets,6,215,20,N,NA,J Madanagopal,RJ Tucker
1359521,Hyderabad,04-05-2023,Match 47,CV Varun,NULL,419,"Rajiv Gandhi International Stadium, Uppal, Hyderabad",Kolkata Knight Riders,Sunrisers Hyderabad,Kolkata Knight Riders,bat,Kolkata Knight Riders,runs,5,172,20,N,NA,KN Ananthapadmanabhan,MA Gough
1359522,Jaipur,05-05-2023,Match 48,Rashid Khan,NULL,307,"Sawai Mansingh Stadium, Jaipur",Rajasthan Royals,Gujarat Titans,Rajasthan Royals,bat,Gujarat Titans,wickets,9,119,20,N,NA,HAS Khalid,VK Sharma
1359523,Chennai,06-05-2023,Match 49,M Pathirana,NULL,234,"MA Chidambaram Stadium, Chepauk, Chennai",Mumbai Indians,Chennai Super Kings,Chennai Super Kings,field,Chennai Super Kings,wickets,6,140,20,N,NA,BNJ Oxenford,Navdeep Singh
1359524,Delhi,06-05-2023,Match 50,PD Salt,420,NULL,"Arun Jaitley Stadium, Delhi",Royal Challengers Bangalore,Delhi Capitals,Royal Challengers Bangalore,bat,Delhi Capitals,wickets,7,182,20,N,NA,RJ Tucker,YC Barde
1359525,Ahmedabad,07-05-2023,Match 51,Shubman Gill,556,NULL,"Narendra Modi Stadium, Ahmedabad",Gujarat Titans,Lucknow Super Giants,Lucknow Super Giants,field,Gujarat Titans,runs,56,228,20,N,NA,AK Chaudhary,A Nand Kishore
1359526,Jaipur,07-05-2023,Match 52,GD Phillips,201,NULL,"Sawai Mansingh Stadium, Jaipur",Rajasthan Royals,Sunrisers Hyderabad,Rajasthan Royals,bat,Sunrisers Hyderabad,wickets,4,215,20,N,NA,Nitin Menon,Vinod Seshan
1359527,Kolkata,08-05-2023,Match 53,AD Russell,49,NULL,"Eden Gardens, Kolkata",Punjab Kings,Kolkata Knight Riders,Punjab Kings,bat,Kolkata Knight Riders,wickets,5,180,20,N,NA,A Totre,J Madanagopal
1359528,Mumbai,09-05-2023,Match 54,SA Yadav,585,NULL,"Wankhede Stadium, Mumbai",Royal Challengers Bangalore,Mumbai Indians,Mumbai Indians,field,Mumbai Indians,wickets,6,200,20,N,NA,HAS Khalid,VK Sharma
1359529,Chennai,10-05-2023,Match 55,RA Jadeja,NULL,313,"MA Chidambaram Stadium, Chepauk, Chennai",Chennai Super Kings,Delhi Capitals,Chennai Super Kings,bat,Chennai Super Kings,runs,27,168,20,N,NA,CB Gaffaney,NA Patwardhan
1359530,Kolkata,11-05-2023,Match 56,YBK Jaiswal,651,NULL,"Eden Gardens, Kolkata",Kolkata Knight Riders,Rajasthan Royals,Rajasthan Royals,field,Rajasthan Royals,wickets,9,150,20,N,NA,RJ Tucker,MV Saidharshan Kumar
1359531,Mumbai,12-05-2023,Match 57,SA Yadav,585,NULL,"Wankhede Stadium, Mumbai",Mumbai Indians,Gujarat Titans,Gujarat Titans,field,Mumbai Indians,runs,27,219,20,N,NA,Nitin Menon,Tapan Sharma
1359532,Hyderabad,13-05-2023,Match 58,PN Mankad,435,NULL,"Rajiv Gandhi International Stadium, Uppal, Hyderabad",Sunrisers Hyderabad,Lucknow Super Giants,Sunrisers Hyderabad,bat,Lucknow Super Giants,wickets,7,183,20,N,NA,A Totre,J Madanagopal
1359533,Delhi,13-05-2023,Match 59,P Simran Singh,424,NULL,"Arun Jaitley Stadium, Delhi",Punjab Kings,Delhi Capitals,Delhi Capitals,field,Punjab Kings,runs,31,168,20,N,NA,CB Gaffaney,NA Patwardhan
1359534,Jaipur,14-05-2023,Match 60,WD Parnell,645,NULL,"Sawai Mansingh Stadium, Jaipur",Royal Challengers Bangalore,Rajasthan Royals,Royal Challengers Bangalore,bat,Royal Challengers Bangalore,runs,112,172,20,N,NA,KN Ananthapadmanabhan,Navdeep Singh
1359535,Chennai,14-05-2023,Match 61,RK Singh,472,NULL,"MA Chidambaram Stadium, Chepauk, Chennai",Chennai Super Kings,Kolkata Knight Riders,Chennai Super Kings,bat,Kolkata Knight Riders,wickets,6,145,20,N,NA,Tapan Sharma,Vinod Seshan
1359536,Ahmedabad,15-05-2023,Match 62,Shubman Gill,556,NULL,"Narendra Modi Stadium, Ahmedabad",Gujarat Titans,Sunrisers Hyderabad,Sunrisers Hyderabad,field,Gujarat Titans,runs,34,189,20,N,NA,J Madanagopal,UV Gandhe
1359537,Lucknow,16-05-2023,Match 63,MP Stoinis,337,NULL,"Bharat Ratna Shri Atal Bihari Vajpayee Ekana Cricket Stadium, Lucknow",Lucknow Super Giants,Mumbai Indians,Mumbai Indians,field,Lucknow Super Giants,runs,5,178,20,N,NA,AK Chaudhary,A Nand Kishore
1359538,Dharamsala,17-05-2023,Match 64,RR Rossouw,471,NULL,"Himachal Pradesh Cricket Association Stadium, Dharamsala",Delhi Capitals,Punjab Kings,Punjab Kings,field,Delhi Capitals,runs,15,214,20,N,NA,KN Ananthapadmanabhan,MV Saidharshan Kumar
1359539,Hyderabad,18-05-2023,Match 65,V Kohli,635,NULL,"Rajiv Gandhi International Stadium, Uppal, Hyderabad",Sunrisers Hyderabad,Royal Challengers Bangalore,Royal Challengers Bangalore,field,Royal Challengers Bangalore,wickets,8,187,20,N,NA,BNJ Oxenford,VK Sharma
1359540,Dharamsala,19-05-2023,Match 66,D Padikkal,162,NULL,"Himachal Pradesh Cricket Association Stadium, Dharamsala",Punjab Kings,Rajasthan Royals,Rajasthan Royals,field,Rajasthan Royals,wickets,4,188,20,N,NA,A Nand Kishore,RJ Tucker
1359541,Delhi,20-05-2023,Match 67,RD Gaikwad,490,NULL,"Arun Jaitley Stadium, Delhi",Chennai Super Kings,Delhi Capitals,Chennai Super Kings,bat,Chennai Super Kings,runs,77,224,20,N,NA,CB Gaffaney,NA Patwardhan
1359542,Kolkata,20-05-2023,Match 68,N Pooran,397,NULL,"Eden Gardens, Kolkata",Lucknow Super Giants,Kolkata Knight Riders,Kolkata Knight Riders,field,Lucknow Super Giants,runs,1,177,20,N,NA,J Madanagopal,UV Gandhe
1359543,Mumbai,21-05-2023,Match 69,C Green,NULL,77,"Wankhede Stadium, Mumbai",Sunrisers Hyderabad,Mumbai Indians,Mumbai Indians,field,Mumbai Indians,wickets,8,201,20,N,NA,KN Ananthapadmanabhan,RJ Tucker
1359544,Bengaluru,21-05-2023,Match 70,Shubman Gill,556,NULL,"M Chinnaswamy Stadium, Bengaluru",Royal Challengers Bangalore,Gujarat Titans,Gujarat Titans,field,Gujarat Titans,wickets,6,198,20,N,NA,Nitin Menon,VK Sharma
1370350,Chennai,23-05-2023,Qualifier 1,RD Gaikwad,490,NULL,"MA Chidambaram Stadium, Chepauk, Chennai",Chennai Super Kings,Gujarat Titans,Gujarat Titans,field,Chennai Super Kings,runs,15,173,20,N,NA,AK Chaudhary,CB Gaffaney
1370351,Chennai,24-05-2023,Eliminator,Akash Madhwal,NULL,32,"MA Chidambaram Stadium, Chepauk, Chennai",Mumbai Indians,Lucknow Super Giants,Mumbai Indians,bat,Mumbai Indians,runs,81,183,20,N,NA,BNJ Oxenford,VK Sharma
1370352,Ahmedabad,26-05-2023,Qualifier 2,Shubman Gill,556,NULL,"Narendra Modi Stadium, Ahmedabad",Gujarat Titans,Mumbai Indians,Mumbai Indians,field,Gujarat Titans,runs,62,234,20,N,NA,Nitin Menon,RJ Tucker
1370353,Ahmedabad,29-05-2023,Final,DP Conway,163,NULL,"Narendra Modi Stadium, Ahmedabad",Gujarat Titans,Chennai Super Kings,Chennai Super Kings,field,Chennai Super Kings,wickets,5,171,15,N,D/L,Nitin Menon,RJ Tucker
1422119,Chennai,22-03-2024,Match 1,Mustafizur Rahman,NULL,257,"MA Chidambaram Stadium, Chepauk, Chennai",Royal Challengers Bengaluru,Chennai Super Kings,Royal Challengers Bengaluru,bat,Chennai Super Kings,wickets,6,174,20,N,NA,HAS Khalid,VK Sharma
1422120,Mohali,23-03-2024,Match 2,SM Curran,503,NULL,"Maharaja Yadavindra Singh International Cricket Stadium, Mullanpur",Delhi Capitals,Punjab Kings,Punjab Kings,field,Punjab Kings,wickets,4,175,20,N,NA,J Madanagopal,NA Patwardhan
1422121,Kolkata,23-03-2024,Match 3,AD Russell,49,NULL,"Eden Gardens, Kolkata",Kolkata Knight Riders,Sunrisers Hyderabad,Sunrisers Hyderabad,field,Kolkata Knight Riders,runs,4,209,20,N,NA,R Pandit,YC Barde
1422122,Jaipur,24-03-2024,Match 4,SV Samson,510,NULL,"Sawai Mansingh Stadium, Jaipur",Rajasthan Royals,Lucknow Super Giants,Rajasthan Royals,bat,Rajasthan Royals,runs,20,194,20,N,NA,A Totre,HDPK Dharmasena
1422123,Ahmedabad,24-03-2024,Match 5,B Sai Sudharsan,500,NULL,"Narendra Modi Stadium, Ahmedabad",Gujarat Titans,Mumbai Indians,Mumbai Indians,field,Gujarat Titans,runs,6,169,20,N,NA,VA Kulkarni,VK Sharma
1422124,Bengaluru,25-03-2024,Match 6,V Kohli,635,NULL,"M Chinnaswamy Stadium, Bengaluru",Punjab Kings,Royal Challengers Bengaluru,Royal Challengers Bengaluru,field,Royal Challengers Bengaluru,wickets,4,177,20,N,NA,AK Chaudhary,MV Saidharshan Kumar
1422125,Chennai,26-03-2024,Match 7,S Dube,541,NULL,"MA Chidambaram Stadium, Chepauk, Chennai",Chennai Super Kings,Gujarat Titans,Gujarat Titans,field,Chennai Super Kings,runs,63,207,20,N,NA,AG Wharf,Tapan Sharma
1422126,Hyderabad,27-03-2024,Match 8,Abhishek Sharma,14,NULL,"Rajiv Gandhi International Stadium, Uppal, Hyderabad",Sunrisers Hyderabad,Mumbai Indians,Mumbai Indians,field,Sunrisers Hyderabad,runs,31,278,20,N,NA,KN Ananthapadmanabhan,UV Gandhe
1422127,Jaipur,28-03-2024,Match 9,R Parag,476,NULL,"Sawai Mansingh Stadium, Jaipur",Rajasthan Royals,Delhi Capitals,Delhi Capitals,field,Rajasthan Royals,runs,12,186,20,N,NA,A Nand Kishore,Nitin Menon
1422128,Bengaluru,29-03-2024,Match 10,SP Narine,NULL,387,"M Chinnaswamy Stadium, Bengaluru",Royal Challengers Bengaluru,Kolkata Knight Riders,Kolkata Knight Riders,field,Kolkata Knight Riders,wickets,7,183,20,N,NA,AK Chaudhary,R Pandit
1422129,Lucknow,30-03-2024,Match 11,MP Yadav,NULL,238,"Bharat Ratna Shri Atal Bihari Vajpayee Ekana Cricket Stadium, Lucknow",Lucknow Super Giants,Punjab Kings,Lucknow Super Giants,bat,Lucknow Super Giants,runs,21,200,20,N,NA,J Madanagopal,Navdeep Singh
1422130,Ahmedabad,31-03-2024,Match 12,MM Sharma,NULL,246,"Narendra Modi Stadium, Ahmedabad",Sunrisers Hyderabad,Gujarat Titans,Sunrisers Hyderabad,bat,Gujarat Titans,wickets,7,163,20,N,NA,HAS Khalid,VK Sharma
1422131,Visakhapatnam,31-03-2024,Match 13,KK Ahmed,290,NULL,"Dr. Y.S. Rajasekhara Reddy ACA-VDCA Cricket Stadium, Visakhapatnam",Delhi Capitals,Chennai Super Kings,Delhi Capitals,bat,Delhi Capitals,runs,20,192,20,N,NA,HDPK Dharmasena,Vinod Seshan
1422132,Mumbai,01-04-2024,Match 14,TA Boult,NULL,409,"Wankhede Stadium, Mumbai",Mumbai Indians,Rajasthan Royals,Rajasthan Royals,field,Rajasthan Royals,wickets,6,126,20,N,NA,MV Saidharshan Kumar,YC Barde
1422133,Bengaluru,02-04-2024,Match 15,MP Yadav,NULL,238,"M Chinnaswamy Stadium, Bengaluru",Lucknow Super Giants,Royal Challengers Bengaluru,Royal Challengers Bengaluru,field,Lucknow Super Giants,runs,28,182,20,N,NA,J Madanagopal,NA Patwardhan
1422134,Visakhapatnam,03-04-2024,Match 16,SP Narine,NULL,387,"Dr. Y.S. Rajasekhara Reddy ACA-VDCA Cricket Stadium, Visakhapatnam",Kolkata Knight Riders,Delhi Capitals,Kolkata Knight Riders,bat,Kolkata Knight Riders,runs,106,273,20,N,NA,A Totre,UV Gandhe
1422135,Ahmedabad,04-04-2024,Match 17,Shashank Singh,532,NULL,"Narendra Modi Stadium, Ahmedabad",Gujarat Titans,Punjab Kings,Punjab Kings,field,Punjab Kings,wickets,3,200,20,N,NA,Nitin Menon,VA Kulkarni
1422136,Hyderabad,05-04-2024,Match 18,Abhishek Sharma,14,NULL,"Rajiv Gandhi International Stadium, Uppal, Hyderabad",Chennai Super Kings,Sunrisers Hyderabad,Sunrisers Hyderabad,field,Sunrisers Hyderabad,wickets,6,166,20,N,NA,R Pandit,YC Barde
1422137,Jaipur,06-04-2024,Match 19,JC Buttler,264,NULL,"Sawai Mansingh Stadium, Jaipur",Royal Challengers Bengaluru,Rajasthan Royals,Rajasthan Royals,field,Rajasthan Royals,wickets,6,184,20,N,NA,AG Wharf,Tapan Sharma
1422138,Mumbai,07-04-2024,Match 20,R Shepherd,NULL,323,"Wankhede Stadium, Mumbai",Mumbai Indians,Delhi Capitals,Delhi Capitals,field,Mumbai Indians,runs,29,235,20,N,NA,HDPK Dharmasena,UV Gandhe
1422139,Lucknow,07-04-2024,Match 21,Yash Thakur,NULL,439,"Bharat Ratna Shri Atal Bihari Vajpayee Ekana Cricket Stadium, Lucknow",Lucknow Super Giants,Gujarat Titans,Lucknow Super Giants,bat,Lucknow Super Giants,runs,33,164,20,N,NA,A Nand Kishore,VK Sharma
1426260,Chennai,08-04-2024,Match 22,RA Jadeja,NULL,313,"MA Chidambaram Stadium, Chepauk, Chennai",Kolkata Knight Riders,Chennai Super Kings,Chennai Super Kings,field,Chennai Super Kings,wickets,7,138,20,N,NA,AK Chaudhary,MV Saidharshan Kumar
1426261,Mohali,09-04-2024,Match 23,Nithish Kumar Reddy,401,NULL,"Maharaja Yadavindra Singh International Cricket Stadium, Mullanpur",Sunrisers Hyderabad,Punjab Kings,Punjab Kings,field,Sunrisers Hyderabad,runs,2,183,20,N,NA,Navdeep Singh,NA Patwardhan
1426262,Jaipur,10-04-2024,Match 24,Rashid Khan,NULL,307,"Sawai Mansingh Stadium, Jaipur",Rajasthan Royals,Gujarat Titans,Gujarat Titans,field,Gujarat Titans,wickets,3,197,20,N,NA,HDPK Dharmasena,Vinod Seshan
1426263,Mumbai,11-04-2024,Match 25,JJ Bumrah,247,NULL,"Wankhede Stadium, Mumbai",Royal Challengers Bengaluru,Mumbai Indians,Mumbai Indians,field,Mumbai Indians,wickets,7,197,20,N,NA,Nitin Menon,VA Kulkarni
1426264,Lucknow,12-04-2024,Match 26,Kuldeep Yadav,NULL,202,"Bharat Ratna Shri Atal Bihari Vajpayee Ekana Cricket Stadium, Lucknow",Lucknow Super Giants,Delhi Capitals,Lucknow Super Giants,bat,Delhi Capitals,wickets,6,168,20,N,NA,R Pandit,YC Barde
1426265,Mohali,13-04-2024,Match 27,SO Hetmyer,540,NULL,"Maharaja Yadavindra Singh International Cricket Stadium, Mullanpur",Punjab Kings,Rajasthan Royals,Rajasthan Royals,field,Rajasthan Royals,wickets,3,148,20,N,NA,AK Chaudhary,Tapan Sharma
1426266,Kolkata,14-04-2024,Match 28,PD Salt,420,NULL,"Eden Gardens, Kolkata",Lucknow Super Giants,Kolkata Knight Riders,Kolkata Knight Riders,field,Kolkata Knight Riders,wickets,8,162,20,N,NA,A Totre,Vinod Seshan
1426267,Mumbai,14-04-2024,Match 29,M Pathirana,NULL,234,"Wankhede Stadium, Mumbai",Chennai Super Kings,Mumbai Indians,Mumbai Indians,field,Chennai Super Kings,runs,20,207,20,N,NA,Nitin Menon,HAS Khalid
1426268,Bengaluru,15-04-2024,Match 30,TM Head,610,NULL,"M Chinnaswamy Stadium, Bengaluru",Sunrisers Hyderabad,Royal Challengers Bengaluru,Royal Challengers Bengaluru,field,Sunrisers Hyderabad,runs,25,288,20,N,NA,AK Chaudhary,R Pandit
1426269,Kolkata,16-04-2024,Match 31,JC Buttler,264,NULL,"Eden Gardens, Kolkata",Kolkata Knight Riders,Rajasthan Royals,Rajasthan Royals,field,Rajasthan Royals,wickets,2,224,20,N,NA,MA Gough,UV Gandhe
1426270,Ahmedabad,17-04-2024,Match 32,RR Pant,474,NULL,"Narendra Modi Stadium, Ahmedabad",Gujarat Titans,Delhi Capitals,Delhi Capitals,field,Delhi Capitals,wickets,6,90,20,N,NA,NA Patwardhan,VK Sharma
1426271,Mohali,18-04-2024,Match 33,JJ Bumrah,247,NULL,"Maharaja Yadavindra Singh International Cricket Stadium, Mullanpur",Mumbai Indians,Punjab Kings,Punjab Kings,field,Mumbai Indians,runs,9,193,20,N,NA,A Nand Kishore,VA Kulkarni
1426272,Lucknow,19-04-2024,Match 34,KL Rahul,269,NULL,"Bharat Ratna Shri Atal Bihari Vajpayee Ekana Cricket Stadium, Lucknow",Chennai Super Kings,Lucknow Super Giants,Lucknow Super Giants,field,Lucknow Super Giants,wickets,8,177,20,N,NA,AK Chaudhary,R Pandit
1426273,Delhi,20-04-2024,Match 35,TM Head,610,NULL,"Arun Jaitley Stadium, Delhi",Sunrisers Hyderabad,Delhi Capitals,Delhi Capitals,field,Sunrisers Hyderabad,runs,67,267,20,N,NA,J Madanagopal,Navdeep Singh
1426274,Kolkata,21-04-2024,Match 36,AD Russell,49,NULL,"Eden Gardens, Kolkata",Kolkata Knight Riders,Royal Challengers Bengaluru,Royal Challengers Bengaluru,field,Kolkata Knight Riders,runs,1,223,20,N,NA,A Totre,Vinod Seshan
1426275,Mohali,21-04-2024,Match 37,R Sai Kishore,NULL,333,"Maharaja Yadavindra Singh International Cricket Stadium, Mullanpur",Punjab Kings,Gujarat Titans,Punjab Kings,bat,Gujarat Titans,wickets,3,143,20,N,NA,A Nand Kishore,VA Kulkarni
1426276,Jaipur,22-04-2024,Match 38,Sandeep Sharma,NULL,338,"Sawai Mansingh Stadium, Jaipur",Mumbai Indians,Rajasthan Royals,Mumbai Indians,bat,Rajasthan Royals,wickets,9,180,20,N,NA,AK Chaudhary,MV Saidharshan Kumar
1426277,Chennai,23-04-2024,Match 39,MP Stoinis,337,NULL,"MA Chidambaram Stadium, Chepauk, Chennai",Chennai Super Kings,Lucknow Super Giants,Lucknow Super Giants,field,Lucknow Super Giants,wickets,6,211,20,N,NA,NA Patwardhan,Tapan Sharma
1426278,Delhi,24-04-2024,Match 40,RR Pant,474,NULL,"Arun Jaitley Stadium, Delhi",Delhi Capitals,Gujarat Titans,Gujarat Titans,field,Delhi Capitals,runs,4,225,20,N,NA,KN Ananthapadmanabhan,UV Gandhe
1426279,Hyderabad,25-04-2024,Match 41,RM Patidar,452,NULL,"Rajiv Gandhi International Stadium, Uppal, Hyderabad",Royal Challengers Bengaluru,Sunrisers Hyderabad,Royal Challengers Bengaluru,bat,Royal Challengers Bengaluru,runs,35,207,20,N,NA,Nitin Menon,HAS Khalid
1426280,Kolkata,26-04-2024,Match 42,JM Bairstow,263,NULL,"Eden Gardens, Kolkata",Kolkata Knight Riders,Punjab Kings,Punjab Kings,field,Punjab Kings,wickets,8,262,20,N,NA,AK Chaudhary,YC Barde
1426281,Delhi,27-04-2024,Match 43,J Fraser-McGurk,237,NULL,"Arun Jaitley Stadium, Delhi",Delhi Capitals,Mumbai Indians,Mumbai Indians,field,Delhi Capitals,runs,10,258,20,N,NA,Navdeep Singh,NA Patwardhan
1426282,Lucknow,27-04-2024,Match 44,SV Samson,510,NULL,"Bharat Ratna Shri Atal Bihari Vajpayee Ekana Cricket Stadium, Lucknow",Lucknow Super Giants,Rajasthan Royals,Rajasthan Royals,field,Rajasthan Royals,wickets,7,197,20,N,NA,KN Ananthapadmanabhan,MA Gough
1426283,Ahmedabad,28-04-2024,Match 45,WG Jacks,647,NULL,"Narendra Modi Stadium, Ahmedabad",Gujarat Titans,Royal Challengers Bengaluru,Royal Challengers Bengaluru,field,Royal Challengers Bengaluru,wickets,9,201,20,N,NA,Nitin Menon,VK Sharma
1426284,Chennai,28-04-2024,Match 46,RD Gaikwad,490,NULL,"MA Chidambaram Stadium, Chepauk, Chennai",Chennai Super Kings,Sunrisers Hyderabad,Sunrisers Hyderabad,field,Chennai Super Kings,runs,78,213,20,N,NA,R Pandit,MV Saidharshan Kumar
1426285,Kolkata,29-04-2024,Match 47,CV Varun,NULL,419,"Eden Gardens, Kolkata",Delhi Capitals,Kolkata Knight Riders,Delhi Capitals,bat,Kolkata Knight Riders,wickets,7,154,20,N,NA,Navdeep Singh,Tapan Sharma
1426286,Lucknow,30-04-2024,Match 48,MP Stoinis,337,NULL,"Bharat Ratna Shri Atal Bihari Vajpayee Ekana Cricket Stadium, Lucknow",Mumbai Indians,Lucknow Super Giants,Lucknow Super Giants,field,Lucknow Super Giants,wickets,4,145,20,N,NA,MA Gough,UV Gandhe
1426287,Chennai,01-05-2024,Match 49,Harpreet Brar,NULL,141,"MA Chidambaram Stadium, Chepauk, Chennai",Chennai Super Kings,Punjab Kings,Punjab Kings,field,Punjab Kings,wickets,7,163,20,N,NA,HAS Khalid,VK Sharma
1426288,Hyderabad,02-05-2024,Match 50,B Kumar,NULL,70,"Rajiv Gandhi International Stadium, Uppal, Hyderabad",Sunrisers Hyderabad,Rajasthan Royals,Sunrisers Hyderabad,bat,Sunrisers Hyderabad,runs,1,202,20,N,NA,AK Chaudhary,YC Barde
1426289,Mumbai,03-05-2024,Match 51,VR Iyer,NULL,421,"Wankhede Stadium, Mumbai",Kolkata Knight Riders,Mumbai Indians,Mumbai Indians,field,Kolkata Knight Riders,runs,24,170,20,N,NA,J Madanagopal,Tapan Sharma
1426290,Bengaluru,04-05-2024,Match 52,Mohammed Siraj,NULL,245,"M Chinnaswamy Stadium, Bengaluru",Gujarat Titans,Royal Challengers Bengaluru,Royal Challengers Bengaluru,field,Royal Challengers Bengaluru,wickets,4,148,20,N,NA,A Totre,Vinod Seshan
1426291,Dharamsala,05-05-2024,Match 53,RA Jadeja,NULL,313,"Himachal Pradesh Cricket Association Stadium, Dharamsala",Chennai Super Kings,Punjab Kings,Punjab Kings,field,Chennai Super Kings,runs,28,168,20,N,NA,A Nand Kishore,VA Kulkarni
1426292,Lucknow,05-05-2024,Match 54,SP Narine,NULL,387,"Bharat Ratna Shri Atal Bihari Vajpayee Ekana Cricket Stadium, Lucknow",Kolkata Knight Riders,Lucknow Super Giants,Lucknow Super Giants,field,Kolkata Knight Riders,runs,98,236,20,N,NA,MV Saidharshan Kumar,YC Barde
1426293,Mumbai,06-05-2024,Match 55,SA Yadav,585,NULL,"Wankhede Stadium, Mumbai",Sunrisers Hyderabad,Mumbai Indians,Mumbai Indians,field,Mumbai Indians,wickets,7,174,20,N,NA,Navdeep Singh,Tapan Sharma
1426294,Delhi,07-05-2024,Match 56,Kuldeep Yadav,NULL,202,"Arun Jaitley Stadium, Delhi",Delhi Capitals,Rajasthan Royals,Rajasthan Royals,field,Delhi Capitals,runs,20,222,20,N,NA,KN Ananthapadmanabhan,UV Gandhe
1426295,Hyderabad,08-05-2024,Match 57,TM Head,610,NULL,"Rajiv Gandhi International Stadium, Uppal, Hyderabad",Lucknow Super Giants,Sunrisers Hyderabad,Lucknow Super Giants,bat,Sunrisers Hyderabad,wickets,10,166,20,N,NA,MV Saidharshan Kumar,YC Barde
1426296,Dharamsala,09-05-2024,Match 58,V Kohli,635,NULL,"Himachal Pradesh Cricket Association Stadium, Dharamsala",Royal Challengers Bengaluru,Punjab Kings,Punjab Kings,field,Royal Challengers Bengaluru,runs,60,242,20,N,NA,Nitin Menon,HAS Khalid
1426297,Ahmedabad,10-05-2024,Match 59,Shubman Gill,556,NULL,"Narendra Modi Stadium, Ahmedabad",Gujarat Titans,Chennai Super Kings,Chennai Super Kings,field,Gujarat Titans,runs,35,232,20,N,NA,KN Ananthapadmanabhan,NA Patwardhan
1426298,Kolkata,11-05-2024,Match 60,CV Varun,NULL,419,"Eden Gardens, Kolkata",Kolkata Knight Riders,Mumbai Indians,Mumbai Indians,field,Kolkata Knight Riders,runs,18,158,16,N,NA,UV Gandhe,Vinod Seshan
1426299,Chennai,12-05-2024,Match 61,Simarjeet Singh,NULL,378,"MA Chidambaram Stadium, Chepauk, Chennai",Rajasthan Royals,Chennai Super Kings,Rajasthan Royals,bat,Chennai Super Kings,wickets,5,142,20,N,NA,R Pandit,YC Barde
1426300,Bengaluru,12-05-2024,Match 62,C Green,NULL,77,"M Chinnaswamy Stadium, Bengaluru",Royal Challengers Bengaluru,Delhi Capitals,Delhi Capitals,field,Royal Challengers Bengaluru,runs,47,188,20,N,NA,A Nand Kishore,VA Kulkarni
1426302,Delhi,14-05-2024,Match 63,I Sharma,NULL,151,"Arun Jaitley Stadium, Delhi",Delhi Capitals,Lucknow Super Giants,Lucknow Super Giants,field,Delhi Capitals,runs,19,209,20,N,NA,A Totre,Vinod Seshan
1426303,Guwahati,15-05-2024,Match 64,SM Curran,503,NULL,"Barsapara Cricket Stadium, Guwahati",Rajasthan Royals,Punjab Kings,Rajasthan Royals,bat,Punjab Kings,wickets,5,145,20,N,NA,R Pandit,MV Saidharshan Kumar
1426305,Mumbai,17-05-2024,Match 65,N Pooran,397,NULL,"Wankhede Stadium, Mumbai",Lucknow Super Giants,Mumbai Indians,Mumbai Indians,field,Lucknow Super Giants,runs,18,215,20,N,NA,Navdeep Singh,R Pandit
1426306,Bengaluru,18-05-2024,Match 66,F du Plessis,191,NULL,"M Chinnaswamy Stadium, Bengaluru",Royal Challengers Bengaluru,Chennai Super Kings,Chennai Super Kings,field,Royal Challengers Bengaluru,runs,27,219,20,N,NA,A Totre,KN Ananthapadmanabhan
1426307,Hyderabad,19-05-2024,Match 67,Abhishek Sharma,14,NULL,"Rajiv Gandhi International Stadium, Uppal, Hyderabad",Punjab Kings,Sunrisers Hyderabad,Punjab Kings,bat,Sunrisers Hyderabad,wickets,4,215,20,N,NA,Nitin Menon,VK Sharma
1426309,Ahmedabad,21-05-2024,Qualifier 1,MA Starc,NULL,400,"Narendra Modi Stadium, Ahmedabad",Sunrisers Hyderabad,Kolkata Knight Riders,Sunrisers Hyderabad,bat,Kolkata Knight Riders,wickets,8,160,20,N,NA,AK Chaudhary,R Pandit
1426310,Ahmedabad,22-05-2024,Eliminator,R Ashwin,NULL,312,"Narendra Modi Stadium, Ahmedabad",Royal Challengers Bengaluru,Rajasthan Royals,Rajasthan Royals,field,Rajasthan Royals,wickets,4,173,20,N,NA,KN Ananthapadmanabhan,MV Saidharshan Kumar
1426311,Chennai,24-05-2024,Qualifier 2,Shahbaz Ahmed,NULL,347,"MA Chidambaram Stadium, Chepauk, Chennai",Sunrisers Hyderabad,Rajasthan Royals,Rajasthan Royals,field,Sunrisers Hyderabad,runs,36,176,20,N,NA,Nitin Menon,VK Sharma
1426312,Chennai,26-05-2024,Final,MA Starc,NULL,400,"MA Chidambaram Stadium, Chepauk, Chennai",Sunrisers Hyderabad,Kolkata Knight Riders,Sunrisers Hyderabad,bat,Kolkata Knight Riders,wickets,8,114,20,N,NA,J Madanagopal,Nitin Menon
